:020000040800F2
:1000000048C40124B5030008F1B20008098B0008B8
:1000100049B2000871100008B1E5000800000000B6
:1000200000000000000000000000000091C5000872
:10003000711800080000000081BD0008D9C5000843
:10004000D3030008D3030008D3030008D303000838
:10005000D3030008D3030008D3030008D303000828
:10006000D3030008D3030008D30300085913000882
:100070006913000879130008D303000889130008E6
:1000800099130008D3030008D30300086919000876
:10009000891900087919000899190008D303000884
:1000A000D3030008D3030008D3030008D3030008D8
:1000B000B1C70008D3030008D3030008D303000826
:1000C000D3030008D3030008D3030008D3030008B8
:1000D00091C40008B1E20008D1E30008D30300088E
:1000E000D3030008D303000800000000C1C70008C4
:1000F000D3030008D3030008D3030008D303000888
:10010000D3030008D3030008D3030008D303000877
:10011000D3030008D3030008D3030008D303000867
:10012000A9130008B9130008D3030008D30300087B
:10013000D3030008D3030008D3030008D303000847
:1001400000000000000000000000000000000000AF
:10015000D3030008D3030008D3030008D303000827
:10016000D3030008D3030008D3030008D303000817
:10017000D3030008D3030008D303000800000000E5
:10018000D3030008D3030008D3030008D3030008F7
:10019000D3030008D3030008D3030008D3030008E7
:1001A000D3030008D3030008D303000800000000B5
:1001B000D3030008D3030008D3030008D3030008C7
:1001C000D3030008D3030008000000000000000073
:1001D0000000000000000000D30300080000000041
:1001E000000000000000000000000000000000000F
:1001F0000000000000000000D3030008D303000843
:10020000D3030008D303000800000000D303000854
:10021000D3030008D3030008D3030008D303000866
:10022000D303000800000000D30300080000000012
:10023000D3030008D303000800000000D303000824
:10024000D3030008D3030008D3030008D303000836
:10025000D3030008D3030008D3030008D303000826
:10026000D3030008D3030008D3030008D303000816
:10027000D3030008D3030008D303000800000000E4
:10028000D3030008D3030008D3030008D3030008F6
:1002900000000000D3030008D303000800000000A2
:1002A00000000000D3030008D3030008D3030008B4
:1002B000D3030008D3030008D3030008A9190008DA
:1002C000B9190008D3030008D303000800F002F8AE
:1002D00000F060F80AA090E8000C82448344AAF180
:1002E0000107DA4501D100F055F8AFF2090EBAE87E
:1002F0000F0013F0010F18BFFB1A43F0010318475A
:100300007C2601009C2601000A444FF0000C10F8E6
:10031000013B13F0070408BF10F8014B1D1108BF83
:1003200010F8015B641E05D010F8016B641E01F823
:10033000016BF9D113F0080F1EBF10F8014BAD1C73
:100340000C1B09D16D1E58BF01F801CBFAD505E091
:1003500014F8016B01F8016B6D1EF9D59142D6D3EB
:10036000704700000023002400250026103A28BF13
:1003700078C1FBD8520728BF30C148BF0B60704717
:100380001FB511F026FC9DE8030000F0E5F91FBD44
:1003900010B510BD00F04CFA1146FFF7F1FF0FF059
:1003A0000BFD00F06AFA03B4FFF7F2FF03BC00F0A4
:1003B0009BFA00000A4880470A4880470A480047DD
:1003C000FEE7FEE7FEE7FEE7FEE7FEE7FEE7FEE705
:1003D000FEE7FEE705480649064A074B704700005E
:1003E00039190008D9C60008CD02000848AC01241C
:1003F00048C4012448B4012448B4012470B5064619
:1004000000F08EF9056806F10B0020F00704B442F5
:100410009CBF002070BD2B466A68BAB11068A0422C
:1004200010D304F1080188423CBF5068586007D3DC
:100430005168101941601168091B0160586014600F
:10044000101D70BD13465268002AE7D12146284688
:1004500000F06EF90028DED170BD70B50446051FAE
:1004600000F05EF90068002C14BF446870BD002CD9
:1004700018BFAC423CBF20466468F8D301680A1834
:10048000AA4218BF456003D12A680546114401609D
:1004900028684119A1421CBF6C6070BD6168696029
:1004A00021680844286070BD53EA020C00F069809E
:1004B0002DE9F04B4FF00006002B1FBFB3FA83F578
:1004C00003FA05F424FA05F65E4012BF1643B2FAA9
:1004D00082F502FA05F4C5F120051EBF22FA05FCDB
:1004E00044EA0C04203556EA044C4FEA144418BF81
:1004F000641C4FF000084FF00009904271EB030CB0
:1005000039D3002919BFB1FA81F701FA07F6B0FA19
:1005100080F700FA07F6C7F120071EBF20FA07FC94
:1005200046EA0C062037B6FBF4FCA7EB0507103FA4
:1005300007F01F0BCBF120062CFA06F60CFA0BFB8A
:1005400044BFB3460026202FA4BF5E464FF0000BE9
:100550005BEA060C08BF4FF0010B19EB0B0948EBE7
:100560000608ABFB027C06FB02CC0BFB03CCC01BDA
:1005700071EB0C01C1E70B46024641464846BDE817
:10058000F08B13B5084318BF4FF0FF300146AFF3AF
:100590000080BDE81C407047032A40F2308010F014
:1005A000030C00F0158011F8013BBCF1020F62440E
:1005B00098BF11F801CB00F8013B38BF11F8013B9F
:1005C000A2F1040298BF00F801CB38BF00F8013B4C
:1005D00011F0030300F02580083AC0F0088051F8BC
:1005E000043B083A51F804CBA0E80810F5E7121DC7
:1005F0005CBF51F8043B40F8043BAFF30080D207E6
:1006000024BF11F8013B11F801CB48BF11F8012BB1
:1006100024BF00F8013B00F801CB48BF00F8012BD4
:10062000704710B5203AC0F00B80B1E81850A0E830
:100630001850B1E81850A0E81850203ABFF4F5AFB0
:100640005FEA027C24BFB1E81850A0E8185044BF0C
:1006500018C918C0BDE810405FEA827C24BF51F879
:10066000043B40F8043B08BF7047D20728BF31F86D
:10067000023B48BF11F8012B28BF20F8023B48BFBE
:1006800000F8012B70474FF000020429C0F01280DF
:1006900010F0030C00F01B80CCF1040CBCF1020F35
:1006A00018BF00F8012BA8BF20F8022BA1EB0C010A
:1006B00000F00DB85FEAC17C24BF00F8012B00F800
:1006C000012B48BF00F8012B70474FF0000200B526
:1006D000134694469646203922BFA0E80C50A0E865
:1006E0000C50B1F12001BFF4F7AF090728BFA0E813
:1006F0000C5048BF0CC05DF804EB890028BF40F8DF
:10070000042B08BF704748BF20F8022B11F0804F20
:1007100018BF00F8012B7047704770477047000002
:100720000048704768010024704770477047704761
:1007300038B504460A4600206946AFF30080002819
:1007400008BF38BD02460099204600F04FF801204E
:1007500038BD012000F064B8F8B5AFF3008005465D
:1007600000200C46102000BF0646A819A0420DD953
:10077000324669460020AFF30080070008BF00F052
:100780004FF80098A04218BF0546C419FFF7C8FFEC
:1007900005600746F01D20F007004619284600F0C6
:1007A0000AF8B44208BFF8BDA21B31463868BDE85C
:1007B000F84000F01BB800210160C0E9011070474B
:1007C0001020704710B500F00DF8006810BD10B58E
:1007D000044600F007F8046010BD000000487047B0
:1007E000600100240048704760010024034640680F
:1007F0008C46002818BF88423CBF03464068F8D3A7
:1008000018681844884207D00CF1030020F0070054
:10081000001D411A521A0146081D0A60FFF71DBE4D
:1008200010B500F039F8BDE8104000F02FB870475F
:100830007546FFF7D3FFAE4605006946534620F0E4
:100840000700854618B020B5FFF7C4FDBDE820407D
:100850004FF000064FF000074FF000084FF0000B7C
:10086000AC46ACE8C009ACE8C009ACE8C009ACE8EB
:10087000C00921F007018D46704710B50446AFF35B
:1008800000802046BDE81040FFF78DBD002801D054
:1008900000F02AB87047000010B5012805D00021EB
:1008A00003A000F027F8012010BD09A1F8E700001F
:1008B00053494752544D454D3A204F7574206F6649
:1008C0002068656170206D656D6F727900000000B1
:1008D0003A2048656170206D656D6F727920636F95
:1008E000727275707465640001491820ABBEFEE732
:1008F0002600020070B505460C460A2000E06D1C7B
:1009000000F011F835B128780028F8D102E0641C15
:1009100000F009F814B120780028F8D1BDE8704043
:100920000A20AFF3008008B569468DF80000032067
:10093000ABBE08BD00000000002800F09C80032929
:1009400038BF70472DE9F04140F2B802A1F1020C26
:10095000C2F2004242F258731CF00306A1F1030EEA
:100960001288C0F6010311D00446012E14F8015B71
:1009700085EA0205EDB233F8157087EA12220DD12F
:100980003E0AF046BEF1030F28D26DE00026E04695
:100990000446BEF1030F21D266E000BFD2B2447814
:1009A000022E82EA040233F8125085EA172207D198
:1009B000A1F10408841C2E0ABEF1030F0ED253E0ED
:1009C000D2B28478A1F105086240C41C33F81260E9
:1009D00086EA1522360ABEF1030F45D3043C14F80B
:1009E000046F65785640F6B233F8166086EA122234
:1009F0006A40A578D2B233F8122082EA16266E40F9
:100A0000F6B233F81670E67887EA12227240B8F12F
:100A10000406D2B233F8125085EA172223D000BF61
:100A200014F8047F043E657887EA0207FFB233F8C2
:100A3000177087EA122282EA0502A578D2B233F84B
:100A4000122082EA172787EA0507E578FFB233F814
:100A5000177087EA122282EA0502D2B233F81250E6
:100A600085EA1722DCD12E0A014400F80C2001F897
:100A7000016CBDE8F0417047002858D0032938BF09
:100A8000704770B58A1EA1F1010E032A41F6F042AB
:100A90000EF0030CC0F6010202D2FF2103462EE045
:100AA000FF230578DBB24FF6FC716B4045780EEA08
:100AB00001040021D35C6B408578D35C6B40C57822
:100AC000D35C6B400D1DAEB2D15CA64200F10403B5
:100AD00015D000BFC9B213F8046B0435714013F888
:100AE000036C515C714013F8026C515C714013F857
:100AF000016C515C7140AEB2515CA642EAD1BCF1CE
:100B0000000F10D01C78BCF1010F81EA0401515C88
:100B100009D05C78BCF1020F81EA0401515C02D07B
:100B20009B785940515C00F80E10BDE8704070474A
:100B300080B541F624104AF65801C2F20040C2F2D4
:100B400001414FF4807207F05FF941F2544040F2E6
:100B50000F41C2F20040C4F20201006888426FF007
:100B6000080111DC6F22C4F20202904222DC3F2213
:100B7000C4F20202904239DC1022C4F20202904216
:100B80005CD0282254E000BF40F26F42C4F202025F
:100B900090421BDC40F23F42C4F2020290422DDC44
:100BA00040F21042C4F20202904247D040F2284282
:100BB0003EE000BF9F22C4F20202904228DC702275
:100BC000C4F20202904239D0882231E040F29F42C2
:100BD000C4F20202904223DC40F27042C4F20202EC
:100BE00090422BD040F2884222E000BF4022C4F263
:100BF0000202904222D058221AE000BF40F2404246
:100C0000C4F20202904219D040F2584210E000BFF4
:100C1000A022C4F20202904210D0B82208E000BF25
:100C200040F2A042C4F20202904207D040F2B84221
:100C3000C4F20202904218BF6FF004010268114032
:100C4000016080BD00000000B0B54AF65801C2F254
:100C500001410878AA2877D191F83F00FE2818BFF3
:100C6000B0BD40F6A800D1F80120C2F2004040F229
:100C70006045C2F20045D1F80530C0F84823D1F8EC
:100C80000920C0F87025B1F811204281B1F8132075
:100C9000A0F8CA20B1F815202C46C0F85C34D1F871
:100CA0000D30C0F88436A0F88A21B1F81720D1F8A9
:100CB000193091F83E10A0F84A2241F2E80269701A
:100CC000AB2104F80C1FD0F84413C5F80D10D0F870
:100CD0006C15C5F81510D0F88016C5F819104188A4
:100CE000C2F20042A5F81D10B0F8C210A5F81F10FE
:100CF000B0F88211D364D0F85834A5F82110B0F8B8
:100D0000420240F20551A5F82300506CC5F82500B9
:100D100005F12900C2F200411E22C5F81130FFF78B
:100D20003BFCA878402285F84A00FD2085F84B005E
:100D300041F62410C2F20040012129702146BDE88D
:100D4000B04007F06DBE00BFB0BD00000000000065
:100D500040F600000121C5F60200012203F064BC48
:100D600040F600000121C5F60200002203F05CBC41
:100D7000704700000000000040F600000821C5F6A2
:100D80000200012203F050BC40F600000821C5F625
:100D90000200002203F048BC704700000000000081
:100DA00010B5002808BF10BD4EF2180145F2003CF6
:100DB000CEF20001C0F2070C03E000BF01380204CC
:100DC0001AD051F804EC0B68002208E01A44A34240
:100DD000A2EB0402234698BF72446245EED20C682F
:100DE000A342F3D10C68A34204BF0C68A342EDD127
:100DF0000C68A342F3D0E9E710BD0000000000003A
:100E000080B54EF21801C0EB0010CEF200014FEA9F
:100E1000401E002351F804CC0A6808E013448242C3
:100E2000A3EB0003024698BF634473450CD20868E5
:100E30008242F3D10868824204BF08688242EDD141
:100E400008688242F3D0E9E780BD0000000000009E
:100E500010B5FFF78DFFFFF79FFF0EF0C9FC0446AA
:100E60000EF0EEFD204310BD2DE9F04F83B002924D
:100E70000E460190FFF774FF922000F0C5F8922013
:100E800000F0C2F8552000F0BFF88046552000F071
:100E9000BBF88346552000F0B7F88246552000F095
:100EA000B3F80446552000F0AFF80746552000F08F
:100EB000ABF80546FFF74CFF48EA0B2040F2B009BB
:100EC00000B2C2F2004900EE100A4AEA042000B261
:100ED00099ED001AB8EEC00A21EE000A01EE100AE0
:100EE00047EA052086ED000A00B299ED002A00EEDF
:100EF000100AB8EEC11AB8EEC00A22EE011A86ED49
:100F0000011A22EE000A86ED020AFFF73DFF80205B
:100F100000F07AF8552000F077F80646552000F0EA
:100F200073F8552000F070F88246552000F06CF8F8
:100F30000546552000F068F88346552000F064F817
:100F40000446552000F060F80746552000F05CF894
:100F50008046FFF711FF0F2E25D14AEA052099EDB3
:100F6000011A00B2019900EE100A4BEA042000B207
:100F7000B8EEC00A21EE000A01EE100A47EA082086
:100F800081ED000A00B299ED012A00EE100AB8EED8
:100F9000C11AB8EEC00A22EE011A81ED011A22EE42
:100FA000000A81ED020AFFF7DBFEA22000F02CF818
:100FB000A22000F029F8552000F026F8044655201C
:100FC00000F022F80546FFF7C3FEE0004FF60003ED
:100FD00040EA55110022CFF6FF73B2EB902F18BFF5
:100FE0001943B4EE001AB3EE072A00EE101A029865
:100FF000B8EEC00AA0EE012A80ED002A03B0BDE8D9
:10100000F08F00000000000080B582B08DF807006E
:1010100041F22470C2F200400DF107010DF1060209
:1010200001234FF47A7CCDF800C005F021FB9DF838
:10103000060002B080BD000010B541F2AC70042182
:10104000C2F2004006F018FB41F6B8143221C2F299
:10105000004420460BF0E0F841F6CC110422C2F225
:1010600000412046BDE810400BF08AB800000000A7
:10107000FEE70000000000002DE9F04182B00068AA
:10108000A0F20122042A29D2451E40F6A808EEB299
:10109000C2F2004870000A8850FA85F04B888F88A9
:1010A00008EB801491F9061020460091D1BADABA03
:1010B000FBBA00F049F9A079A0F147011C291DD81D
:1010C00006EB460008EB8010817C01318174E8B2A8
:1010D00002B0BDE8F04100F017BC00BF15281DD1DB
:1010E00041F2E800C2F200400EF0DEFD0825E8B251
:1010F00002B0BDE8F04100F007BC00BF40B23128AB
:10110000E5DC06EB4600002108EB80108174E8B2B4
:1011100002B0BDE8F04100F0F7BB00BF02B0BDE88F
:10112000F08100000000000070B58AB041F2445523
:1011300002ACC2F2004500260220049001202146A4
:10114000CDE9050628460796CDE9026602F074FA55
:101150000221022200232846009602F0B5FA01215E
:101160000022284602F070F94FF000710022284654
:1011700002F06AF901210122284602F029FA2846E4
:1011800003F036F941F2E4552146C2F20045284603
:1011900002F052FA0221022200232846009602F0B1
:1011A00093FA01210122284602F012FA01210022BD
:1011B000284602F049F94FF000710022284602F05B
:1011C00043F9284603F014F941F284652146C2F23E
:1011D0000045284602F030FA022102220023284668
:1011E000009602F071FA01210122284602F0F0F97E
:1011F00001210022284602F027F94FF00071002259
:10120000284602F021F9284603F0F2F80AB070BD32
:101210002DE9F0412DED108BB2EE049AB1EE08AA43
:1012200040F6A8049FED448A9FED44BAC2F2004400
:101230009FED43CAB0EE490AF0EE480AB0EE4A1AF2
:10124000F0EE4B1AB0EE4C2A04F1140840460AF0B6
:101250003BFDB2EE00DAB5EE00EAB1EE0CFA04F5B1
:101260007F70B0EE4D0AF0EE4E0AB0EE4F1A0AF063
:10127000E7FCB0EE490AF0EE480AB0EE4A1AF0EE8A
:101280004B1AB0EE4C2A04F1D40528460AF01CFD96
:10129000B0EE4D0AF0EE4E0AB0EE4F1A04F5A26021
:1012A0000AF0CEFCB0EE490AF0EE480AB0EE4A1A57
:1012B000F0EE4B1AB0EE4C2A04F5CA7630460AF02E
:1012C00003FDB0EE4D0AF0EE4E0AB0EE4F1A04F2F6
:1012D00024600AF0B5FCB0EE490AF0EE480AB0EE20
:1012E0004A1AF0EE4B1AB0EE4C2A04F51577384640
:1012F0000AF0EAFCB0EE4D0AF0EE4E0AB0EE4F1ADC
:1013000004F5E7600AF09CFCB0EE480A40460AF09B
:10131000E7FCB0EE480A28460AF0E2FCB0EE480AC4
:1013200030460AF0DDFC3846B0EE480ABDEC108BC2
:10133000BDE8F0410AF0D4BC000000000000FA450E
:1013400000007A46000000000180009942808380FE
:10135000817170470000000041F2FC10C2F20040B1
:1013600000F042BF0000000041F27420C2F20040D1
:1013700000F03ABF0000000041F2EC20C2F2004051
:1013800000F032BF0000000041F25440C2F20040C1
:1013900000F02ABF0000000041F2CC40C2F2004041
:1013A00000F022BF0000000041F26430C2F20040B1
:1013B00000F01ABF0000000041F2DC30C2F2004031
:1013C00000F012BF0000000040F20F42D0F800C051
:1013D000C4F20202944511DC6F22C4F20202944569
:1013E00022DC3F22C4F20202944539DC1022C4F20E
:1013F000020294455AD0282254E000BF40F26F42C6
:10140000C4F2020294451BDC40F23F42C4F20202E5
:1014100094452DDC40F21042C4F20202944545D0BE
:1014200040F228423EE000BF9F22C4F202029445EF
:1014300028DC7022C4F20202944537D0882231E0C1
:1014400040F29F42C4F20202944523DC40F2704213
:10145000C4F20202944529D040F2884222E000BF43
:101460004022C4F20202944520D058221AE000BF64
:1014700040F24042C4F20202944517D040F2584272
:1014800010E000BFA022C4F2020294450ED0B822A0
:1014900008E000BF40F2B842C4F20202944505D011
:1014A00040F2A042C4F20202944517D10CF0F802B7
:1014B0004AF6AB23103ACAF6AA23A2FB03310AA3C9
:1014C0005F2AC1F302115B5C40F2FF312CEA01019B
:1014D000C36588BF04318165084670472CF0FF0161
:1014E00081650846704700BF0006101600061016FA
:1014F00070B540F26F44D0F800C0C4F20204D0F8D6
:1015000058E0A4451ADC9F25C4F20205AC4533DC43
:101510005725C4F20205AC455ADC1025C4F2020579
:10152000AC4500F098802825C4F20205AC4500F0D7
:1015300092804025C4F202058AE000BF45F22F45A3
:10154000C5F60205AC452DDC40F2B745C4F20205F4
:10155000AC454BDC40F27045C4F20205AC457AD094
:1015600040F28845C4F20205AC4574D040F2A04573
:10157000C4F202056CE000BF40F22745C4F2020548
:10158000AC4543DCA025C4F20205AC4563D0B825C8
:10159000C4F20205AC455ED040F21045C4F202052B
:1015A00056E000BF45F26B45C5F60205AC453FDC91
:1015B00045F23045C5F60205AC454CD045F24445F0
:1015C000C5F60205AC4546D045F258453EE000BFA1
:1015D0005825C4F20205AC453DD07025C4F2020581
:1015E000AC4538D08825C4F2020531E040F2B84558
:1015F000C4F20205AC452ED045F20845C5F60205F9
:10160000AC4528D045F21C4520E000BF40F22845FB
:10161000C4F20205AC451ED040F24045C4F20205BA
:10162000AC4518D040F25845C4F2020510E000BFA6
:1016300045F26C45C5F60205AC450CD045F2944523
:10164000C5F60205AC4506D045F28045C5F6020553
:10165000AC4540F0D580456EC66E002E866E6E603D
:101660001CBFD0E91C566E60A44515DC9F24C4F253
:101670000204A4452CDC5724C4F20204A44551DC26
:101680001024C4F20204A4457AD02824C4F202042F
:10169000A44575D040246FE045F22F44C5F60204FE
:1016A000A44529DC40F2B744C4F20204A44545DC59
:1016B00040F27044C4F20204A44561D040F2884470
:1016C000C4F20204A4455BD040F2A04454E000BF41
:1016D00040F22744C4F20204A4453FDCA024C4F233
:1016E0000204A4454CD0B824C4F20204A44547D057
:1016F00040F2104440E000BF45F26B44C5F60204DE
:10170000A44555DC45F23044C5F60204A44561D039
:1017100045F24444C5F60204A4455BD045F2584462
:1017200054E000BF5824C4F20204A44528D0702419
:10173000C4F20204A44523D088241DE040F2B8443A
:10174000C4F20204A4451BD045F20844C5F60204C5
:10175000A4453FD045F21C4438E000BF40F2284485
:10176000C4F20204A4450BD040F24044C4F2020487
:10177000A44505D040F25844C4F20204A4453FD128
:101780008468C06D00F01F003F2505FA00F0CEF818
:101790000800DCF80000402C20F48020CCF8000089
:1017A000CCF8043023D0CCF80810CCF80C2070BD55
:1017B00045F26C44C5F60204A4450BD045F28044C2
:1017C000C5F60204A44505D045F29444C5F60204CA
:1017D000A44515D1C46D806804F01F04012540287C
:1017E00005FA04F4CEF80440CCF8043004D1CCF867
:1017F0000820CCF80C1070BDCCF80810CCF80C20E8
:1018000070BD00000000000080B54EF6FC514FF0A6
:10181000000CCEF200010A6842F080720A6041F2C8
:10182000000144F24022CEF20001C0F20F02504308
:1018300044F6D352C1F804C0C1F262020B68A0FBA7
:10184000022E4DF6836243F001030B6040F2A83193
:10185000C4F21B32C2F20041A0FB022308604FEA2F
:101860009E104860980CC1E9020C80BD0000000089
:10187000704700000000000040F6F8706422C2F2D9
:1018800000400021C823026042618262C263C0F846
:10189000A020012280F8A8204FF4FA72C0F8C820D6
:1018A000C0F8DC2049F6B1320172C0F60002C0E98E
:1018B00003110177C0E9081180F83010C0E90D115B
:1018C00080F84410C0E91211036580F85810C0E98F
:1018D0001711436680F86C10C0E91C11836780F80B
:1018E0008010C0E92111C0F88C3080F89410C0E954
:1018F0002611C0E92B1180F8D010C0E9351180F80D
:10190000E410C0E93A21704710B5044602F094FE95
:1019100004EB840140F6F872C2F2004202EB81014E
:10192000486010BD00000000EFF3108072B600BFE9
:10193000FEE700000000000044F60400C5F60200C7
:10194000816841F0020181600168890409D401685D
:1019500089045CBF01685FEA814102D4016889049F
:10196000F2D570470000000041F24450C2F200403E
:1019700002F02EB80000000041F24450C2F20040D4
:1019800002F026B80000000041F2E450C2F200402C
:1019900002F01EB80000000041F2E450C2F2004024
:1019A00002F016B80000000041F28460C2F200406C
:1019B00002F00EB80000000041F28460C2F2004064
:1019C00002F006B80000000040F28860C2F2004059
:1019D00090ED690A7047000040F28860C2F2004052
:1019E00090ED680A7047000040F28860C2F2004043
:1019F00090ED6A0A704700002DE9F041044602F0BC
:101A00001BFE1CB3054694F83500022822D140F293
:101A10000F462768C4F2020640F26F48B7426FF0E3
:101A20000E00C4F202081DDC6F21C4F202018F42D5
:101A30002ADC3F21C4F202018F4241DC1021C4F2B2
:101A400002018F4263D028215CE000BF0120BDE885
:101A5000F08100BF802060650120002184F83410EF
:101A6000BDE8F08147451BDC40F23F41C4F2020172
:101A70008F422DDC40F21041C4F202018F4246D069
:101A800040F228413EE000BF9F21C4F202018F4294
:101A900028DC7021C4F202018F4238D0882131E065
:101AA00040F29F41C4F202018F4223DC40F27041B8
:101AB000C4F202018F422AD040F2884122E000BFE6
:101AC0004021C4F202018F4221D058211AE000BF08
:101AD00040F24041C4F202018F4218D040F2584116
:101AE00010E000BFA021C4F202018F420FD0B82144
:101AF00008E000BF40F2B841C4F202018F4206D0B4
:101B000040F2A041C4F202018F42394607D1394662
:101B1000386820F01E0041F8140B6FF080000A684E
:101B2000474500EA020008601ADC9F20C4F2020068
:101B3000874233DC5720C4F2020087425ADC10206F
:101B4000C4F20200874200F097802820C4F202000D
:101B5000874200F091804020C4F202008AE000BF7A
:101B600045F22F40C5F6020087422DDC40F2B74017
:101B7000C4F2020087424BDC40F27040C4F2020023
:101B8000874279D040F28840C4F20200874273D085
:101B900040F2A040C4F202006CE000BF40F22740D7
:101BA000C4F20200874243DCA020C4F20200874254
:101BB00062D0B820C4F2020087425DD040F21040EB
:101BC000C4F2020056E000BF45F26B40C5F60200C9
:101BD00087423FDC45F23040C5F6020087424BD0D9
:101BE00045F24440C5F60200874245D045F25840D0
:101BF0003EE000BF5820C4F2020087423CD0702073
:101C0000C4F20200874237D08820C4F2020031E0DB
:101C100040F2B840C4F2020087422DD045F208409D
:101C2000C5F60200874227D045F21C4020E000BFE5
:101C300040F22840C4F2020087421DD040F24040EA
:101C4000C4F20200874217D040F25840C4F20200AA
:101C500010E000BF45F26C40C5F6020087420BD091
:101C600045F29440C5F60200874205D045F2804017
:101C7000C5F60200874204D1206E016821F480710C
:101C80000160386820F00100386000BF3868C00784
:101C900010D002F0D1FC401B0628F7D3202060654D
:101CA000032084F835000120002184F83410BDE8B9
:101CB000F08100BF2068B04210DC6F21C4F2020145
:101CC00088421DDC3F21C4F20201884234DC10212D
:101CD000C4F20201884255D028214FE040451BDC68
:101CE00040F23F41C4F2020188422DDC40F2104133
:101CF000C4F20201884245D040F228413EE000BFD4
:101D00009F21C4F20201884228DC7021C4F2020142
:101D1000884237D0882131E040F29F41C4F202016D
:101D2000884223DC40F27041C4F20201884229D08B
:101D300040F2884122E000BF4021C4F20201884203
:101D400020D058211AE000BF40F24041C4F2020105
:101D5000884217D040F2584110E000BFA021C4F2E1
:101D6000020188420ED0B82108E000BF40F2B8411D
:101D7000C4F20201884205D040F2A041C4F202013F
:101D800088425BD1D4E9161202F01F023F2303FA06
:101D900002F28A6040455BDC9F21C4F20201884266
:101DA00014DC5721C4F20201884227DC1021C4F25E
:101DB0000201884200F0A2802821C4F20201884278
:101DC00000F09C804021C4F2020195E040F22741DE
:101DD000C4F2020188421FDCA021C4F20201884241
:101DE00000F08C80B821C4F20201884200F08680A5
:101DF00040F21041C4F202017EE000BF5821C4F25B
:101E0000020188427AD07021C4F20201884275D062
:101E10008821C4F202016FE040F22841C4F20201BD
:101E200088426BD040F24041C4F20201884265D042
:101E300040F25841C4F202015EE000BFD4E916123C
:101E400002F01F02012303FA02F24A604045A3DDBB
:101E500045F22F41C5F60201884217DC40F2B74136
:101E6000C4F20201884227DC40F27041C4F2020150
:101E7000884243D040F28841C4F2020188423DD0FA
:101E800040F2A041C4F2020136E000BF45F26B41CE
:101E9000C5F6020188421FDC45F23041C5F6020159
:101EA00088422BD045F24441C5F60201884225D034
:101EB00045F258411EE000BF40F2B841C4F20201B1
:101EC00088421BD045F20841C5F60201884215D070
:101ED00045F21C410EE000BF45F26C41C5F602011F
:101EE00088420BD045F29441C5F60201884205D0E4
:101EF00045F28041C5F6020188420BD1616EA26EA7
:101F0000E06E4A6030B1016821F480710160D4E96B
:101F10001C014160012084F835000020002184F874
:101F20003410BDE8F081000080B5D8B190F83510CC
:101F3000022919D140F20F420168C4F20202914213
:101F400016DC6F23C4F20203994227DC3F23C4F25C
:101F5000020399423EDC1023C4F2020399425FD08F
:101F6000282359E0012080BD80214165012080BDEA
:101F700040F26F43C4F2020399421BDC40F23F433C
:101F8000C4F2020399422DDC40F21043C4F2020372
:101F9000994245D040F228433EE000BF9F23C4F25F
:101FA0000203994228DC7023C4F20203994237D01D
:101FB000882331E040F29F43C4F20203994223DCBC
:101FC00040F27043C4F20203994229D040F28843A0
:101FD00022E000BF4023C4F20203994220D05823DC
:101FE0001AE000BF40F24043C4F20203994217D006
:101FF00040F2584310E000BFA023C4F2020399420C
:102000000ED0B82308E000BF40F2B843C4F2020388
:10201000994205D040F2A043C4F20203994275D11F
:1020200091424FF0040280F8352011DC6F20C4F299
:102030000200814222DC3F20C4F20200814239DCEE
:102040001020C4F20200814259D0282054E000BF81
:1020500040F26F40C4F2020081421BDC40F23F407C
:10206000C4F2020081422DDC40F21040C4F20200B2
:10207000814244D040F228403EE000BF9F20C4F29D
:102080000200814228DC7020C4F20200814236D076
:10209000882031E040F29F40C4F20200814223DCFC
:1020A00040F27040C4F20200814228D040F28840E1
:1020B00022E000BF4020C4F2020081421FD058201D
:1020C0001AE000BF40F24040C4F20200814216D044
:1020D00040F2584010E000BFA020C4F2020081424C
:1020E0000DD0B82008E000BF40F2B840C4F20200B2
:1020F000814204D040F2A040C4F20200814208684C
:1021000020F001000860002080BD00BF0A6822F0B6
:102110000E020A6045F25742C5F6020291420A6871
:1021200022F001020A600FDC45F22F42C5F60202DE
:10213000914219DC45F20842C5F60202914229D0CB
:1021400045F21C4222E000BF45F27F42C5F6020282
:10215000914213DC45F25842C5F60202914219D071
:1021600045F26C4212E000BF45F23042C5F6020271
:1021700091420FD045F2444208E000BF45F294423C
:10218000C5F60202914205D045F28042C5F6020230
:1021900091421AD1D0E9181CD0E916E30A6822F45A
:1021A00080720A6003F01F01012202FA01F1CEF8E9
:1021B0000410816ECCF80410C16E31B10A6822F4AB
:1021C00080720A60D0E91C124A60012180F8351043
:1021D000026D002180F834100AB1904700210846B2
:1021E00080BD0000000000002DE9F04782B0002112
:1021F000019140F2A8010446C2F2004148F2B51232
:10220000C1F64E32A56D096840F26F490068C4F20C
:102210000209A1FB021848452E68296816DC9F2197
:10222000C4F2020188422DDC5721C4F20201884227
:1022300052DC1021C4F2020188427CD02821C4F271
:102240000201884277D0402170E000BF45F22F4262
:10225000C5F60202904229DC40F2B742C4F2020203
:10226000904245DC40F27041C4F20201884262D0E3
:1022700040F28841C4F2020188425CD040F2A041A1
:1022800054E000BF40F22741C4F2020188423FDC23
:10229000A021C4F2020188424DD0B821C4F202014B
:1022A000884248D040F2104140E000BF45F26B4206
:1022B000C5F60202904275DC45F23042C5F60202D4
:1022C000904200F0828045F24442C5F602029042FC
:1022D0007BD045F2584273E05821C4F20201884293
:1022E00029D07021C4F20201884224D088211DE047
:1022F00040F2B842C4F2020290421CD045F20842B9
:10230000C5F60202904260D045F21C4258E000BF80
:1023100040F22841C4F2020188420CD040F2404110
:10232000C4F20201884206D040F25841C4F20201D0
:10233000884240F05A83E16D082201F01F0140F20B
:102340000F4A8A40C4F2020A324200F0E680504549
:102350004FF0040312DC6F27C4F20207B8426FDCAF
:102360003F27C4F20207B84200F3A4801027C4F24A
:102370000207B84200F0C5802827BDE048456BDC65
:1023800040F23F47C4F20207B84200F39B8040F29C
:102390001047C4F20207B84200F0B38040F2284769
:1023A000AAE000BF45F26C42C5F6020290420CD092
:1023B00045F28042C5F60202904206D045F29442B0
:1023C000C5F60202904240F010830268E36D03F00C
:1023D0001F0304279F400F4218BF12F0040621D1AB
:1023E00002279F400F4218BF12F002064CD1D9407D
:1023F000090740F1FA8212F0080100F0F682016844
:1024000021F00E010160012000FA03F169606065AE
:1024100084F835000020E16C84F83400002940F095
:10242000DC82E2E211046F6026D4910603D40168D5
:1024300021F004010160216C002940F0CE82D4E239
:102440009F27C4F20207B84246DC7027C4F2020795
:10245000B84256D088274FE040F29F47C4F20207A7
:10246000B84241DC40F27047C4F20207B84248D09B
:1024700040F2884740E000BFD00300F1B382A16C76
:10248000002940F0AA82B0E211046F6000F1B0822E
:10249000910609D4016821F00A010160012084F845
:1024A0003500002084F83400E16B002940F095826B
:1024B0009BE200BF4027C4F20207B84221D0582750
:1024C0001AE000BF40F24047C4F20207B84218D0F9
:1024D00040F2584710E000BFA027C4F20207B842FC
:1024E0000FD0B82708E000BF40F2A047C4F20207AF
:1024F000B84206D040F2B847C4F20207B84218BF4B
:10250000082307681F4208D0036823F00403036010
:10251000AA60626D42F00102626501228A40324285
:102520006FD0504510DC6F23C4F2020398421DDCCB
:102530003F23C4F20203984234DC1023C4F20203A6
:10254000984256D028234FE048451BDC40F23F43D9
:10255000C4F2020398422DDC40F21043C4F202039D
:10256000984246D040F228433EE000BF9F23C4F289
:102570000203984228DC7023C4F20203984238D048
:10258000882331E040F29F43C4F20203984223DCE7
:1025900040F27043C4F2020398422AD040F28843CA
:1025A00022E000BF4023C4F20203984221D0582306
:1025B0001AE000BF40F24043C4F20203984218D030
:1025C00040F2584310E000BFA023C4F20203984237
:1025D0000FD0B82308E000BF40F2A043C4F20203CA
:1025E000984206D040F2B843C4F20203984240F049
:1025F000058243691B0604D5AA60626D42F002029F
:10260000626504228A4032426FD0504510DC6F234D
:10261000C4F2020398421DDC3F23C4F20203984235
:1026200034DC1023C4F20203984256D028234FE032
:1026300048451BDC40F23F43C4F2020398422DDCC4
:1026400040F21043C4F20203984246D040F22843BD
:102650003EE000BF9F23C4F20203984228DC7023AF
:10266000C4F20203984238D0882331E040F29F43FD
:10267000C4F20203984223DC40F27043C4F2020326
:1026800098422AD040F2884322E000BF4023C4F29F
:102690000203984221D058231AE000BF40F2404381
:1026A000C4F20203984218D040F2584310E000BF31
:1026B000A023C4F2020398420FD0B82308E000BF61
:1026C00040F2A043C4F20203984206D040F2B8435D
:1026D000C4F20203984240F0998103689B0704D535
:1026E000AA60626D42F004026265102202FA01F1F2
:1026F000314200F0818050454FF0080210DC6F231A
:10270000C4F2020398421DDC3F23C4F20203984244
:1027100034DC1023C4F20203984256D028234FE041
:1027200048451BDC40F23F43C4F2020398422DDCD3
:1027300040F21043C4F20203984246D040F22843CC
:102740003EE000BF9F23C4F20203984228DC7023BE
:10275000C4F20203984238D0882331E040F29F430C
:10276000C4F20203984223DC40F27043C4F2020335
:1027700098422AD040F2884322E000BF4023C4F2AE
:102780000203984221D058231AE000BF40F2404390
:10279000C4F20203984218D040F2584310E000BF40
:1027A000A023C4F2020398420FD0B82308E000BF70
:1027B00040F2A043C4F20203984206D040F2B8436C
:1027C000C4F20203984218BF04220368134213D0D4
:1027D000A96001684903016808D4C90508D40168E3
:1027E00021F008010160216C21B905E008034FD4F4
:1027F000216C09B120468847E06D00F01F012020C0
:1028000000FA01F2324200F0AB80206810235045FC
:1028100010DC6F27C4F20207B8421DDC3F27C4F268
:102820000207B84238DC1027C4F20207B8425AD077
:10283000282753E048451BDC40F23F47C4F202071B
:10284000B84231DC40F21047C4F20207B8424AD025
:1028500040F2284742E000BF9F27C4F20207B84277
:102860002CDC7027C4F20207B8423CD0882735E040
:1028700040F29F47C4F20207B84227DC40F270479B
:10288000C4F20207B8422ED040F2884726E000BFCB
:10289000A16C0029AED1AFE74027C4F20207B842CD
:1028A00021D058271AE000BF40F24047C4F2020787
:1028B000B84218D040F2584710E000BFA027C4F239
:1028C0000207B8420FD0B82708E000BF40F2A04787
:1028D000C4F20207B84206D040F2B847C4F2020779
:1028E000B84218BF022307681F4239D0AA6094F883
:1028F0003520042A02681BD122F0160202604269C8
:1029000022F080024261226C0AB9A26C1AB10268FC
:1029100022F0080202603F208840A860012084F86D
:102920003500216D0020002984F8340055D15CE089
:10293000510301680CD4C9050ED4016821F01001BF
:102940000160012084F83500002084F8340003E0A1
:10295000080301D4616C00E0E16B09B120468847AF
:10296000606D002841D0606DC00734D0042084F829
:10297000350020684FEA9821026822F001020260C7
:10298000019A013201928A421AD80268D20717D0FE
:10299000019A013201928A4212D80268D2070FD0FE
:1029A000019A013201928A420AD80268D20707D0FE
:1029B000019A013201928A4202D80268D207DFD11D
:1029C0000068C0074FF0030008BF012084F83500FD
:1029D000002084F83400E16C39B1204602B0BDE833
:1029E000F0470847216C0029F7D102B0BDE8F08715
:1029F000D0030DD4616C0029EFD1F6E70268042200
:102A00008A4032427FF401AE6FE600BF02686CE696
:102A1000E16B0029E1D1E8E72DE9F04381B00446FC
:102A200001F00AFE002C00F0AF8040F26F4805462E
:102A30002068C4F20208404516DC9F21C4F202015E
:102A400088422DDC5721C4F20201884254DC102157
:102A5000C4F20201884200F07E802821C4F2020103
:102A6000884278D0402171E045F22F41C5F602013D
:102A7000884229DC40F2B741C4F20201884247DCB7
:102A800040F27041C4F20201884264D040F28841B1
:102A9000C4F2020188425ED040F2A04156E000BF7D
:102AA00040F22741C4F20201884241DCA021C4F275
:102AB000020188424FD0B821C4F2020188424AD0B4
:102AC00040F2104142E000BF45F26B41C5F6020101
:102AD000884200F3BD8045F23041C5F602018842CC
:102AE00000F0C98045F24441C5F60201884200F079
:102AF000C28045F25841B9E05821C4F2020188422F
:102B000029D07021C4F20201884224D088211DE01E
:102B100040F2B841C4F2020188421CD045F208419B
:102B2000C5F60201884200F0A68045F21C419DE0F6
:102B300040F22841C4F2020188420CD040F24041E8
:102B4000C4F20201884206D040F25841C4F20201A8
:102B5000884240F02581022184F83510002184F854
:102B60003410016821F00101016000BF2068016894
:102B7000C9070DD001F060FD401B0628F6D32020C8
:102B80006065032084F83500012001B0BDE8F083C2
:102B900048F23F0204F108060168CFF610621140C6
:102BA000D4F818C06CCE1143D4F824901943E369CB
:102BB0002943256A0E43B9F1040F43EA060343EAA9
:102BC000050343EA0C0303D1D4E90B652E433343D9
:102BD000666843F48011A6F13F07A6F12905042F8A
:102BE000A6F1470238BF0B46062DA6F14F0E38BF9F
:102BF0000B46022A26F0030238BF0B46BEF1040F33
:102C000038BF0B46742A08BF0B46B9F1040F0360A6
:102C1000416921F0070141EA090140F0DD80D4E972
:102C20000A53002B41EA050100F0D680BCF5005F95
:102C300000F0B880BCF1000F40F0C080022D00F021
:102C4000C080012D00F0B480002D00F0BA80C3E0F8
:102C500045F26C41C5F6020188420CD045F2804134
:102C6000C5F60201884206D045F29441C5F602013C
:102C7000884240F0958004F1080E022184F8351056
:102C8000002184F834100168A3699EE80450A2F181
:102C90008005E769B5FA85F566696D09402A4FEA4E
:102CA000853543EA07026FF3101142EA060208BFB6
:102CB000102541EADC0142EA0E02236A294341EA77
:102CC000D20141EA131140F80819C0B2CD2148439E
:102CD0003C2101EA9020E0652046FEF775FBE16D9E
:102CE000012201F01F0102FA01F141602068404514
:102CF00000F381809F21C4F20201884214DC572135
:102D0000C4F20201884227DC1021C4F20201884289
:102D100000F0C7802821C4F20201884200F0C1807F
:102D20004021C4F20201B9E040F22741C4F202019D
:102D3000884221DCA021C4F20201884200F0B18067
:102D4000B821C4F20201884200F0AB8040F2104189
:102D5000C4F20201A2E000BF5821C4F2020188427D
:102D600000F09F807021C4F20201884200F0998037
:102D70008821C4F2020191E040F22841C4F202012C
:102D8000884200F08E8040F24041C4F20201884245
:102D900000F0878040F25841C4F202017EE000BF9B
:102DA0004020EDE6032D17D8DFE805F00E0B0E02EC
:102DB000A3F1C072B2FA82F2520904E0032D03D3E8
:102DC0000AD1C3F300623AB140206065012084F863
:102DD000350001B0BDE8F08341612046FEF7F4FA0A
:102DE000E16D3F2201F01F0102FA01F181602068CC
:102DF00040457FF77FAF45F22F41C5F6020188427B
:102E000016DC40F2B741C4F20201884226DC40F2EF
:102E10007041C4F20201884243D040F28841C4F2BA
:102E2000020188423DD040F2A041C4F2020135E0E7
:102E300045F26B41C5F6020188421FDC45F2304184
:102E4000C5F6020188422CD045F24441C5F6020184
:102E5000884226D045F258411EE000BF40F2B841FA
:102E6000C4F2020188421CD045F20841C5F60201B5
:102E7000884216D045F21C410EE000BF45F26C417D
:102E8000C5F6020188420CD045F29441C5F6020114
:102E9000884206D045F28041C5F60201884240F0E2
:102EA000E18045F2574C45F6FC01C5F6020CC5F62B
:102EB000020160450EDC45F22F42C5F60202904247
:102EC00018DC45F20842C5F60202904228D045F2CD
:102ED0001C4221E045F27F42C5F60202904213DC1B
:102EE00045F25842C5F60202904219D045F26C42B2
:102EF00012E000BF45F23042C5F6020290420FD008
:102F000045F2444208E000BF45F29442C5F6020291
:102F1000904205D045F28042C5F60202904247D168
:102F200000F0FC024CF6CD43083ACCF6CC43A2FBB1
:102F30000323A1F1FC05A1F17C061B0905EB830528
:102F400003F01F02A3682566802B4FF0010303FAEC
:102F500002F26666A26605D1002060602860726099
:102F60001EE000BF6768FBB2013F072F2B60726055
:102F700016D85E1E082E19D2604501F1440237DCD6
:102F800045F22F47C5F60207B84241DC45F2084733
:102F9000C5F60207B84259D045F21C474AE000BFC7
:102FA00000206067C4E91B005CE000BFE06E54E0F5
:102FB00000F0F8024AF6AB23103ACAF6AA23A2FBA5
:102FC000032740F20F43C4F2020308253A0998424E
:102FD00003F1AA06134688BF05EB171340F6000558
:102FE000B042C4F2020505F1800628BF1346A5E7EA
:102FF00045F27F47C5F60207B84213DC45F2584751
:10300000C5F60207B84221D045F26C4712E000BF76
:1030100045F23047C5F60207B84217D045F244479B
:1030200008E000BF45F28047C5F60207B8420DD060
:1030300045F29447C5F60207B84207D040F60000B3
:10304000C4F2020000F1FC0100F5A07201EB830064
:103050000121E066B1402267616700210160D4E987
:103060001C01416000206065012184F8351001B029
:10307000BDE8F08300000000B0B500283CD0054654
:1030800090F83400012801D10220B0BD012085F85C
:10309000340095F83500012828D1022085F8350044
:1030A000002068652868046824F00104046028464C
:1030B000FEF71EFA40F20F422868C4F2020240F204
:1030C0006F419042C4F2020118DC6F23C4F2020384
:1030D000984225DC3F23C4F2020398423CDC1023D3
:1030E000C4F2020398425ED0282357E04FF40060F8
:1030F0006865002085F834000120B0BD88421BDCE3
:1031000040F23F43C4F2020398422DDC40F21043E8
:10311000C4F20203984246D040F228433EE000BF8A
:103120009F23C4F20203984228DC7023C4F20203F6
:10313000984238D0882331E040F29F43C4F2020322
:10314000984223DC40F27043C4F2020398422AD032
:1031500040F2884322E000BF4023C4F202039842B9
:1031600021D058231AE000BF40F24043C4F20203CA
:10317000984218D040F2584310E000BFA023C4F298
:10318000020398420FD0B82308E000BF40F2B843D2
:10319000C4F20203984206D040F2A043C4F20203F4
:1031A000984240F02F8103680B2464F344030360CA
:1031B0002B6C1BB10823046823430360884219DC8D
:1031C0009F23C4F20203984232DC5723C4F2020365
:1031D000984259DC1023C4F20203984200F0968012
:1031E0002823C4F20203984200F090804023C4F2E6
:1031F000020389E045F22F43C5F6020398422DDC15
:1032000040F2B743C4F2020398424BDC40F27043F1
:10321000C4F20203984279D040F28843C4F2020318
:10322000984273D040F2A043C4F202036CE000BFA6
:1032300040F22743C4F20203984243DCA023C4F2C5
:103240000203984262D0B823C4F2020398425DD0D0
:1032500040F21043C4F2020356E000BF45F26B4354
:10326000C5F6020398423FDC45F23043C5F602033F
:1032700098424BD045F24443C5F60203984245D0EC
:1032800045F258433EE000BF5823C4F2020398427F
:103290003CD07023C4F20203984237D08823C4F292
:1032A000020331E040F2B843C4F2020398422DD049
:1032B00045F20843C5F60203984227D045F21C4365
:1032C00020E000BF40F22843C4F2020398421DD020
:1032D00040F24043C4F20203984217D040F25843F0
:1032E000C4F2020310E000BF45F26C43C5F60203CE
:1032F00098420BD045F29443C5F60203984205D09C
:1033000045F28043C5F60203984274D12B6E1C68C7
:10331000E40303D51C6844F480741C60EB6E1BB19D
:103320001D6845F480751D60904211DC6F21C4F268
:10333000020188421EDC3F21C4F20201884235DCD2
:103340001021C4F20201884255D0282150E000BF6C
:1033500088421BDC40F23F41C4F2020188422DDC6E
:1033600040F21041C4F20201884244D040F22841A8
:103370003EE000BF9F21C4F20201884228DC702198
:10338000C4F20201884236D0882131E040F29F41E8
:10339000C4F20201884223DC40F27041C4F202010F
:1033A000884228D040F2884122E000BF4021C4F288
:1033B000020188421FD058211AE000BF40F240416C
:1033C000C4F20201884216D040F2584110E000BF1A
:1033D000A021C4F2020188420DD0B82108E000BF4C
:1033E00040F2B841C4F20201884204D040F2A04148
:1033F000C4F202018842016841F00101016000202D
:10340000B0BD00BF0368052464F3430303602B6C65
:10341000002B3FF4D3AE0423CDE6000000000000F3
:10342000B0B5044601F008F940F2A0010546C2F229
:103430000041621C097818BF0C4400BF01F0FCF881
:10344000401BA042FAD3B0BD90F89830013B012B4D
:103450000ED80068836D0B4212D0836D0B408B42F7
:1034600016D1C36D43F00203C3658B0514D418E075
:1034700000F19C01012002220B681A430A60704788
:10348000C36D43F00103C3658B0505D409E000BF9C
:103490000323C3658B0504D5D0F8E0301343C0F88F
:1034A000E0304B0504D5D0F8E4301A43C0F8E420EE
:1034B0004FF6FF72436DC3F6CF720A401A4342655E
:1034C0008A0F4AF614010020C4F200010B681A4367
:1034D0000A607047000000002DE9F04390F8983032
:1034E000022B19D10668D6F8C03013F07C5F1DD0CE
:1034F000D6F8C4309B0223D4D6F8C4300C69C3F389
:10350000044CD1E90035002D8D6823D023432B4393
:1035100043F0804E22E000BFD0F89C1041F008013B
:10352000C0F89C100120BDE8F08300BFD0F89C10CB
:1035300041F02001C0F89C100120BDE8F08300BFDD
:10354000D0F89C1041F40071C0F89C100120BDE837
:10355000F08300BF44EA834343EA050E836ED0F84C
:103560008450D1E907970CFB03F48B6949EA07679C
:10357000D1F81480D1F80C901F4305EB840347EA7F
:10358000080745F824E047EA09475F60CF6887B13C
:1035900041F6D065083303320024C0F6010500BFB0
:1035A000171957F8037C1F51CF680434EF5DBC42F4
:1035B000F6D3012101FA0CF1C6F8D010C0F894102E
:1035C0000020BDE8F083000070470000000000000C
:1035D00090F89830012B0DD1012913D0F1B9006872
:1035E000D0F8F01021F07C5141EA0261C0F8F010EF
:1035F00000207047D0F89C1041F00401C0F89C10E6
:10360000012070470068D0F8A01021F0FE4141EA87
:103610000261C0F8A0100020704700BF0068D0F819
:10362000B01021F0FE4141EA0261C0F8B010002064
:10363000704700000000000080B590F89820013A23
:10364000012A0BD80A68002ACA680FD00B69072A1A
:1036500043EA427E18D18B691BE000BFD0F89C1072
:1036600041F00201C0F89C10012080BD072A19D149
:103670000A69D1F81CC012048B6942EA0C221A4371
:1036800042F0605218E000BFD1F808C04B6943EA2D
:103690008C73006F496800EBC10240F831E00020F4
:1036A000536080BD8B68D1F810C09B0743EAC262AB
:1036B0004B6942EA0C421A434968C06E40F8212027
:1036C000002080BD0000000090F898C0BCF1010F00
:1036D0000ED19200006842EA0111DDF800C041EA13
:1036E000430141EA0C01C0F880100020704700BF80
:1036F000D0F89C1041F00401C0F89C1001207047E4
:10370000704700000000000010B58CB041F2445238
:1037100001F00071C2F2004290420BD151B141F26E
:10372000445401A9C2F20044204600F031F8069842
:1037300018BB29E041F2E452C2F2004290420BD1A0
:1037400051B141F2E45401A9C2F20044204600F014
:103750001FF8069888B917E041F28462C2F200426D
:10376000904211D181B141F2846401A9C2F20044B6
:10377000204600F00DF8069830B12068816921F0EC
:10378000010181610CB010BD0CB010BD0000000043
:103790000068426C02F007000860C2F30220486033
:1037A000C2F3803302F018008860C2F34010C86092
:1037B000C2F380100861C2F3C0104861C2F3C02098
:1037C0008861C2F30030C861C2F34030C1E9080328
:1037D000C2F3064200208A62704700000000000029
:1037E0002DE9F04390F89870022F11D1402919D19A
:1037F0000668D6F8A07017F4FE0F2FD0D6F8A47084
:103800007F0635D0D6F8A470FF013BD400273CE0FA
:10381000D0F89C1041F00801C0F89C100120BDE8D0
:10382000F08300BF41290FD10668D6F8B07017F4B5
:10383000FE0F13D0D6F8B4707F0619D0D6F8B47046
:10384000FF012BD400272CE0076D8F4206D900F131
:103850007C04456D4FF0000C0E462BE0D0F89C1018
:1038600041F02001C0F89C100120BDE8F08300BFAA
:10387000D0F89C1041F48071C0F89C100120BDE884
:10388000F08300BFD6F8A070FF0FD6F8A46000F157
:103890007404C6F30526F519466C0AE0D6F8B07034
:1038A000FF0FD6F8B46000F17804C6F30526F519C9
:1038B000C66CAC467543246804EB850E54F825703D
:1038C00017F08047576054F8257027F0604608BF0E
:1038D000C7F38A46166054F8257007F000579760C2
:1038E00054F8254004F000441461BEF80440D4614B
:1038F000BEF8064014F00F04D460DEF8044004F46F
:1039000080145461DEF8044004F4001494619EF8BD
:10391000074004F07F041462DEF804404FEAD474D8
:10392000546228D041F6D0680024C0F601080EEB9E
:103930000406651C377A1F55D76818F80770BD4212
:1039400019D21F19757A7D70D56818F80590A51CD5
:103950004D453FBFB57ABD70D56818F805903CBF9E
:10396000E51C4D4507D2F57A0434FD70D56818F88A
:103970000550AC42DBD3402906D10068C0F8A8C08E
:103980000020BDE8F08300BF412905D10068C0F8E0
:10399000B8C00020BDE8F0831F2909D800680122C3
:1039A00002FA01F1C0F898100020BDE8F08300BFD2
:1039B000006801F01F01012202FA01F1C0F89C1019
:1039C0000020BDE8F0830000704700000000000008
:1039D0002DE9F04F89B004464AF61000C4F2000009
:1039E00001684AF61400C4F200000268206802EA86
:1039F0000108056DD0F85490036D0293436D019357
:103A0000036D0493436D0393036D0893436D079314
:103A1000036D0693436D0593D0F854A0D0F850B0D1
:103A20005FEACA530ED51BF480710BD04FF480713E
:103A300001654AF610010020C4F20001086020462A
:103A4000FFF7C2FF05EA09064AF610095FEA4A5085
:103A5000C4F200094FEA887711D51BF480600ED0BC
:103A60002068D0F8DC10D0F8E42011404FF48062D8
:103A700002650020C9F80000204600F0EDFCDDE9F9
:103A8000011000EA010506F4704657B120680021D4
:103A9000016508F00300C9F8000020463946FFF729
:103AA00093FDDDE9031000EA010705F00F0546B1BB
:103AB0002068314606650020C9F80000204600F065
:103AC000D3FC07F0F00645B12068294605650020C3
:103AD000C9F80000204600F0EFFB46B120683146EF
:103AE00006650020C9F80000204600F07DFC5FEA72
:103AF0000A500CD51BF4006009D020684FF4006117
:103B000001650020C9F80000204600F0B1FC5FEA22
:103B10008A5011D51BF400700ED02068D0F8D81050
:103B2000D0F8E02011404FF4007202650020C9F87F
:103B30000000204600F094FC5FEA0A300CD51BF42C
:103B4000002009D020684FF4002101650020C9F849
:103B50000000204600F0ACFB5FEACA300CD51BF435
:103B6000803009D020684FF4803101650020C9F809
:103B70000000204600F06CFC5FEA4A30DDE90510E9
:103B800000EA01050CD51BF4802009D020684FF411
:103B9000802101650020C9F80000204600F054FC97
:103BA0005FEA8A30DDE9071000EA010005F0607184
:103BB0000FD51BF400320CD022684FF4003313658C
:103BC0000022C9F80020D4F89C2042F08002C4F8FA
:103BD0009C2000F0715539B1206801650020C9F8BA
:103BE00000002046FFF790FD206845B105650021E3
:103BF000C9F80010D4F89C102943C4F89C10A9F50A
:103C0000016188420AD0D4F89C00002868D0204680
:103C100009B0BDE8F04FFFF773BD00BF6068816871
:103C20008907F0D0016A426A036A476A114003EAD1
:103C3000070202F03005D0F82080D0F82490D0F8A8
:103C400020B0D0F824A0026A089211F00F01426A55
:103C50000792466A026A069203D00162204600F08B
:103C6000E7FB08EA09072DB160682946056220468E
:103C700000F0E6FB70060BEA0A0607F4C0750ED5E5
:103C8000069810F040000AD060684023C16BC26BF8
:103C9000090C02F03F020362204600F0CDFBDDE993
:103CA000071000EA010706F4FC462DB160682946BA
:103CB0000562204600F0B8FB07F4F02036B16168D9
:103CC0000E62D4F89C103143C4F89C1000289AD09E
:103CD00061680862D4F89C100843C4F89C0092E71D
:103CE00009B0BDE8F08F00002DE9F04F85B0A8B312
:103CF0004AF200080446C4F200080068404531D08A
:103D000094F89810A9B3816921F01001816100F045
:103D100093FC054620688169090705D500F08CFCF5
:103D2000401B0B28F6D310E0816941F0010181614D
:103D300000F082FC054600BF20688169C90721D1D7
:103D400000F07AFC401B0B28F6D30120D4F89C101D
:103D50000843C4F89C00032084F89800012005B0B3
:103D6000BDE8F08F08F58071616094F89810002923
:103D7000C9D1002084F89900204600F0B5F92068E8
:103D8000C1E700BF816941F002018161217C826944
:103D900022F04002012918BF40328261617C8269B1
:103DA00022F48042012908BF02F580428261A17C91
:103DB000826922F48052012918BF02F58052826183
:103DC000816921F44073D4E902120B438361836952
:103DD00023F0A4038361036923F0100303619AB104
:103DE000012A0DD0022A09D08369032A43F08003F7
:103DF0008361036943F01002026105D1202200E0D3
:103E0000042283691A438261D4E90572E369561E6C
:103E10006FF0FF02256A02EB0323B1F5407F43EA0E
:103E20004663A5F1010646EA030640F20003CFF619
:103E3000FF7303EB074746EA0701C16110D1D4E9DC
:103E40000B65D4E90917013F02EB06226FF00F065C
:103E50003A4306EB05173A4303EB01411143C160B6
:103E6000236E2BB1616ED0F8C0201143C0F8C01092
:103E7000E16DCDE90313D94241F60C41C0F60101D1
:103E800009D0D0F8C820A36E22F0070251F82330E1
:103E90001A43C0F8C820D4F840A0BAF1000F09D0E6
:103EA000D0F8BC20636C22F0070251F823301A438B
:103EB000C0F8BC20A76C57B1D0F8BC20E36C22F04E
:103EC000700251F8233042EA0312C0F8BC20D4F843
:103ED00050C0BCF1000F0AD0D0F8BC20636D22F4B2
:103EE000E06251F8231042EA0121C0F8BC104045BD
:103EF00004D161688A6822F003028A600021C4F854
:103F00009410C4F89C10012184F898104FF6FC72AC
:103F1000D0F88410D4F83C9021EA0203656CD4E90F
:103F20000D120292019543EA8103C0F88430D0F863
:103F3000843023F47F0343EA0243C0F884305318EB
:103F4000D0F888606FF38F0646EA8306C0F8886071
:103F5000D0F8886003EB490326F4FE0646EA0946DA
:103F6000C0F88860D0F8A0606FF38F0646EA830639
:103F7000C0F8A060D0F8A06005FB0A3326F4FE0666
:103F800046EA0A46C0F8A060D0F8B0606FF38F062A
:103F900046EA8306C0F8B060D0F8B06026F4FE06AA
:103FA00046EA0746C0F8B060E66CD0F8AC506FF354
:103FB0008F0506FB07337E4345EA8305C0F8AC5006
:103FC000D4F8548008FB0C35D0F8F0306FF38F0331
:103FD00008FB0CFC43EA8503C0F8F030D0F8F0E0B1
:103FE000A36D2EF47C1242EA0342C0F8F02005EBE8
:103FF0004302D0F8C0506FF38F0545EA8202C0F843
:10400000C020D0F8C020DDF80CB022F47C1242EAC7
:104010000B42C0F8C020019AD0F8C05025F07C5562
:1040200002FB0AFE4AF20002C4F20002DDF810A010
:1040300002EB8101029A01F5406145EA0A6501EB54
:104040008207C0F8C05007EBC902A56E02EB8E00D4
:10405000626700EB86060BFB05F2276706EB8C0711
:10406000C4E91E060AFB05F007EBC30303EB82025B
:10407000C4F884304DF2FC33E16602EB8000C4F2F8
:1040800000039842C4F88070C4F88820C4F89000F7
:1040900002D920205AE600BF814221D20A460020E0
:1040A00042F8040BD4F890309A4215D2486001F1DE
:1040B0000802D4F890309A423FBF0020886001F196
:1040C0000C02D4F8903038BF9A4205D2C860103143
:1040D000D4F890209142E1D305B0BDE8F08F00BF45
:1040E000002005B0BDE8F08FB0B5B6B0044602A818
:1040F000B8210025CDE93455CDE932553195FCF78D
:10410000E4FA4DF200412068C4F20001884241D037
:104110004AF20041C4F20001884273D04AF2000121
:10412000C4F20001884240F0BF80002003904FF4A9
:10413000004002904FF080501D9002A800F044FD16
:1041400008B1FDF7F1FB40F2EC5144F2E040C2F25D
:104150000041C5F602000A68002A02F101020A6065
:1041600008D1C16841F48071C160C16801F48071F7
:10417000019101990168152441F00801016000686E
:10418000132500F0080001900198032031900921C7
:1041900033E000BF4FF4004002904FF080501D907C
:1041A00002A8039500F010FD08B1FDF7BDFB40F239
:1041B000EC5144F2E040C2F20041C5F602000A6848
:1041C000002A02F101020A6008D1C16841F480713D
:1041D000C160C16801F48071019101990168A02456
:1041E00041F00801016000689F2500F0080001907F
:1041F000052101984FF44050319040F60040C5F63B
:10420000020038E0002003904FF4004002904FF08D
:1042100080501D9002A800F0D7FC08B1FDF784FB88
:1042200040F2EC5144F2E040C2F20041C5F6020017
:104230000A68002A02F101020A6008D1C16841F44B
:104240008071C160C16801F48071019101990168B8
:10425000162441F0020101600068142500F00200FC
:10426000019001986020319040F60040C5F60200B0
:104270000921A0F50060359131A902223292002275
:10428000CDE9332200F0F8F805210022284600F09D
:10429000EBFA284600F0D4FA05210022204600F06F
:1042A000E3FA204600F0CCFA36B0B0BD00000000C2
:1042B000704700000000000010B58CB041F244517E
:1042C000C2F2004188420DD041F2E451C2F20041F5
:1042D000884219D041F28461C2F20041884225D05F
:1042E0000CB010BD41F2445002AAC2F200406B462D
:1042F0004021FFF775FA78B340F66800C2F200403B
:104300004189013141812BE041F2E45002AAC2F21D
:1043100000406B464021FFF763FA38B340F668006F
:10432000C2F2004081890131818139E041F284602B
:1043300002AAC2F200406B464021FFF751FAC8B30F
:1043400040F66800C2F20040C1890131C18141F2EA
:104350008460C2F2004027E002A86946FCF78CFEA8
:1043600041F24450C2F200401EE000BF029CA4F1A2
:104370001100032814D804F1EF0040F6A801C0B2E0
:104380004FF48A72C2F2004110FB0210694600F538
:1043900040700BF089FCA4F10D00C0B2FDF7B4FA37
:1043A00041F2E450C2F2004001210022FFF74CF834
:1043B0000CB010BD0298B0F5407F0DD01528C6D1C5
:1043C00041F2E8006946C2F200400BF06DFC0820A3
:1043D000FDF79AFABBE700BF40F678006946C2F2E3
:1043E000004008F0EDF8B2E7704700000000000060
:1043F00090F8981001290DD1022180F898100168D9
:104400008A6922F001028A610021C0F89C100846E6
:10441000704700BFD0F89C1041F00401C0F89C1018
:1044200001207047000000007047000000000000FD
:10443000704700000000000070470000000000000E
:1044400070470000000000007047000000000000FE
:1044500070470000000000007047000000000000EE
:1044600070470000000000007047000000000000DE
:1044700070470000000000002DE9F04F82B00D6889
:10448000002D00F0CB8000F1264242F2004302F101
:10449000FF72C5F602030A2698424FEAB22444F29C
:1044A000F44E08BF0926082C40F2040C38BF4FEA2E
:1044B000B226C5F6020EC5F6000C009600220027B3
:1044C000002609E001360D6835FA06F307F1040706
:1044D00002F1020200F0A280012303FA06F415EAB9
:1044E0000408EFD0D1F804A003230AF0030B934093
:1044F000ABF101056FEA0309012D0FD88368CD6880
:1045000003EA090395402B438360CAF3001543680F
:10451000A34305FA06F42343436005E0BBF1030F10
:1045200002D14FF0030B21E0C3688C6803EA090352
:104530009440BBF1020F43EA0403C36016D16FF04D
:10454000030307F01C0503EA56030F24034404FA8F
:1045500005FBD3F820A00C692AEA0B0AAC4044EA18
:104560000A041C62D1F804A00AF0030B03680BFADA
:1045700002F403EA09031AF4403F43EA0403036028
:10458000A0D0DEF8003040F2084A43F00203CEF833
:104590000030DEF80030C5F6000A03F00203019394
:1045A00026F00303019C07F00C040F2553F80A9032
:1045B000A54029EA0509009D05FA04F444EA090426
:1045C00043F80A404FF0B04ADAF800904C6849EAE4
:1045D0000805E30258BF29EA0805A302CAF80050FB
:1045E000DCF8009049EA080558BF29EA0805A3034A
:1045F000CCF80050DCF8809049EA080558BF29EA59
:104600000805E403CCF88050DCF87C3043EA080568
:1046100058BF23EA0805CCF87C5053E702B0BDE848
:10462000F08F000000000000002A08BF090481612B
:1046300070470000000000004AF65810C2F2014026
:10464000006870470000000040F2A0004AF65811D0
:10465000C2F20040C2F2014100780A6810440860CA
:10466000704700000000000080B5032000F02CF926
:1046700001F0E6F944F2184141F6F053C5F60201A3
:10468000C0F601030A68096801F00F01C2F30322B2
:10469000595C9A5C01F01F0102F01F02D04040F209
:1046A000AC02C2F2004220FA01F1116040F2A8010E
:1046B000C2F2004108600F2000F00AF800281CBF79
:1046C000012080BD00F0A4F8002080BD00000000A3
:1046D000B0B58AB00F2840D804461C2000222146DD
:1046E000002500F0C1F81C2000F0AAF840F2A40058
:1046F000C2F20040046044F2E840C5F602000168DE
:1047000041F001010160006801A900F00100029080
:10471000029802A801F0E0F8079C002C18BF0124C1
:1047200001F02EF94DF68361A040C4F21B314FF029
:10473000FF32A0FB010141F2F870C2F200404FF0DD
:104740008043036002EB9141C0E9011540F2E7317B
:10475000C0E9031502F01CFA10B101200AB0B0BD87
:1047600041F2F870C2F2004002F082FA0AB0B0BD25
:1047700010B54EF6A05E4178CEF2000E90F800C063
:104780004EF8081CDEF8001021F00101CEF80010F0
:1047900041684EF8041C017BC37A827A447B1B0675
:1047A00043EA0171837B41EAC241C27B41EA844111
:1047B000447A41EA4341007A41EA024141EA042154
:1047C00041EA400040EA0C00CEF8000010BD0000B5
:1047D0004EF62450CEF20000BFF35F8F016821F443
:1047E0008031016000210167704700000000000077
:1047F0004EF6245140F00100CEF20001086708682F
:1048000040F480300860BFF34F8FBFF36F8F704765
:1048100081B044F2F4400022C5F60200016841F084
:104820000201016000680F2100F0020000906FF0AB
:104830000100009B01B000F017B80000000000006C
:10484000002848BF704781B200F01F0001224909CB
:1048500002FA00F04EF20012CEF2000242F82100FD
:10486000704700000000000070B54EF60C5C4FF081
:10487000FF36CEF2000C00F1604505F56445DCF82A
:104880000030C3F3022E8EF00703042B28BF04234D
:10489000BEF1030406FA03F321EA030100F00F035B
:1048A00038BF0024043B0028634406FA04F048BFE4
:1048B00003F10C05A14022EA000008430001287022
:1048C00070BD0000000000004EF60C514FF6FF03D3
:1048D000CEF200010A681A4060F30A2242F08060BA
:1048E00040F0FD70086070470AF07EFB0000000099
:1048F000B0B544F60C05C5F60205296849072968D4
:1049000006D401F00701081A18BF0120B0BD00BF8E
:1049100021F0070108432860FFF78EFE044600BF20
:1049200055F8080C800407D4FFF786FE001BB0F58D
:104930007A7FF5D90120B0BD0020B0BD0000000095
:1049400080B500F0F5FF44F2204141F6F052C5F683
:104950000201C0F601020968C1F30211515C01F0C5
:104960001F01C84080BD000080B544F2384EC5F636
:10497000020E5EF8103C5EF8101C5EF80C2CC1F3C1
:10498000053CDEF80410BCF1000F15D0C908D206B2
:1049900001EAE2716FF35F3100EE101A03F00301D8
:1049A0000229B8EE400A0DD081B95EF8381C89069C
:1049B00010D49FED361A1BE000218160C0E9001180
:1049C00080BD00BF9FED301A12E000BF9FED2D1A91
:1049D0000EE000BF5EF8381C49F20002C0F2D0328F
:1049E000C1F3C10122FA01F101EE101AB8EE411A29
:1049F000DEF800109FED263A6FF35F2102EE101AE9
:104A0000DEF80010C1F34621B8EE422A00EE032A78
:104A100000EE10CAB7EE003AB8EE400A81EE000A86
:104A200032EE031A02EE101AB8EE422A20EE010A04
:104A300032EE031A80EE011ABCEEC11A80ED001AA4
:104A4000DEF80010C1F3064101EE101AB8EE411A6B
:104A500031EE031A80EE011ABCEEC11A80ED011A84
:104A6000DEF80010C1F3066101EE101AB8EE411A2B
:104A700031EE031A80EE010ABCEEC00A10EE101AE5
:104A8000816080BD0024744A001BB74B0024744C25
:104A9000000000390000000080B544F2404EC5F629
:104AA000020E5EF8183C5EF8181C5EF8142CC1F378
:104AB000055CDEF80410BCF1000F15D0C908D20562
:104AC00001EAE2716FF35F3100EE101A03F00301A7
:104AD0000229B8EE400A0DD081B95EF8401C890663
:104AE00010D49FED361A1BE000218160C0E900114F
:104AF00080BD00BF9FED301A12E000BF9FED2D1A60
:104B00000EE000BF5EF8401C49F20002C0F2D03255
:104B1000C1F3C10122FA01F101EE101AB8EE411AF7
:104B2000DEF800109FED263A6FF35F2102EE101AB7
:104B3000DEF80010C1F34621B8EE422A00EE032A47
:104B400000EE10CAB7EE003AB8EE400A81EE000A55
:104B500032EE031A02EE101AB8EE422A20EE010AD3
:104B600032EE031A80EE011ABCEEC11A80ED001A73
:104B7000DEF80010C1F3064101EE101AB8EE411A3A
:104B800031EE031A80EE011ABCEEC11A80ED011A53
:104B9000DEF80010C1F3066101EE101AB8EE411AFA
:104BA00031EE031A80EE010ABCEEC00A10EE101AB4
:104BB000816080BD0024744A001BB74B0024744CF4
:104BC00000000039000000002DE9F0470446C078DD
:104BD00044F22C480007C5F6020833D5606E4FEA50
:104BE000305103290CD8DFE801F003111D2600BF66
:104BF000D8F8001041F40031C8F800101BE000BFE5
:104C000001266078C0070BD020E000BF04F1080047
:104C1000022107F015FB064660B16078C00715D188
:104C2000354646E004F12800022107F09DFB0646C8
:104C30000028F2D1606ED8F8241021F44011084306
:104C4000C8F8240000266078C007E9D0A06D0428C9
:104C50000ED83546DFE800F00412181E1E0000BF13
:104C6000D8F80000354640F40030C8F8000011E0E4
:104C700001250127607840071FD453E004F10800A4
:104C8000002107F0DDFA04E004F12800002107F01C
:104C90006BFB05462F461DB1607840070DD441E0FF
:104CA000D8F82400A16D20F0070000250843C8F8BB
:104CB000240037466078400734D5D4F8A4004FEA82
:104CC000705005280CD8DFE800F00311171D1D1DDA
:104CD000D8F8000040F40030C8F8000012E000BF2F
:104CE000012501266078000720D455E004F1080072
:104CF000002107F0A5FA04E004F12800002107F0E4
:104D000033FB05462E461DB1607800070ED443E004
:104D1000D8F82C00D4F8A41020F460000025084333
:104D2000C8F82C003E466078000735D5D4F8A800B6
:104D30004FEA306005280DD8DFE800F00412181E95
:104D40001E1E00BFD8F8000040F40030C8F8000074
:104D500012E000BF01250127E078800720D44EE053
:104D600004F10800002107F06BFA04E004F12800C8
:104D7000002107F0F9FA05462F461DB1E0788007BB
:104D80000ED43CE0D8F82C00D4F8A81020F0E06055
:104D900000250843C8F82C003746E07880072ED558
:104DA000E06C4FEA301003280ED8DFE800F009036A
:104DB000130900BFD8F8000040F40030C8F8000024
:104DC0002E467DB912E000BF012501266078C0069D
:104DD00019D44CE004F10800022107F031FA05462D
:104DE0002E461DB16078C0060DD440E0D8F82000F2
:104DF000E16C20F0300000250843C8F820003E4652
:104E00006078C00633D5E06D4FEA303004280DD805
:104E1000DFE800F00412181E1E0000BFD8F80000E2
:104E200040F40030C8F8000012E000BF012501275F
:104E3000607880061FD44EE004F10800002107F0DE
:104E4000FFF904E004F12800002107F08DFA05467F
:104E50002F461DB1607880060DD43CE0D8F82400C0
:104E6000E16D20F4E04000250843C8F824003746EF
:104E7000607880062FD5206E4FEA3040052809D88B
:104E8000DFE800F0040E1404040400BF2E46ADB9A0
:104E900018E000BF01250126607840061FD44FE0CE
:104EA00004F10800012107F0CBF904E004F1280027
:104EB000012107F059FA05462E461DB160784006DB
:104EC0000DD43DE0D8F82400216E20F4E020002528
:104ED0000843C8F824003E466078400630D5D4F830
:104EE000AC004FEA3070052808D8DFE800F0030D69
:104EF000130303032F46ADB918E000BF01250127B6
:104F00006078000620D442E004F10800012107F097
:104F100097F904E004F12800012107F025FA05467D
:104F20002F461DB1607800060ED430E0D8F82C0072
:104F3000D4F8AC1020F0E04000250843C8F82C005D
:104F400037466078000622D5E06E58B1B0F1005FB8
:104F50000CD0B0F1805F2FD1D8F8000040F40030C1
:104F6000C8F800002E469DB908E000BF04F1080013
:104F7000012107F065F905462E464DB9D8F8240001
:104F8000E16E20F0405000250843C8F824003E465A
:104F9000E078C00733D0A06C032813D8DFE800F016
:104FA00008021A08D8F8000040F40030C8F80000E1
:104FB000A946BDB91AE000BF01250126E078C00767
:104FC000E9D11CE001254FF00109A07840061AD56F
:104FD0001CE000BF04F10800022107F031F905468A
:104FE000A9461DB1A07840060DD50FE0D8F82000E5
:104FF000A16C20F0030000250843C8F82000B1464A
:10500000A078400602D44F4618E000BFD8F8D40379
:1050100040F48070C8F8D403FFF70EFB064600BFCB
:10502000D8F8D403C00507D4FFF706FB801B64281B
:10503000F6D90325032701E02F468DB12078C0075C
:1050400061D0A06F4FEAF00005283BD8DFE800F000
:1050500004404604040400BF002D2E4646D149E01A
:10506000D8F84410D4F8B000414011F4407F11D07A
:10507000D8F84410D8F8442042F48032C8F84420CC
:10508000D8F8442021F4407122F48032C8F844203A
:10509000C8F84410B0F5807F40F0CE82FFF7CCFA1C
:1050A000064641F2883A0325032700BFD8F844009A
:1050B000800700F1BF82FFF7BFFA801B5045F5D98A
:1050C000BCE700BF01250126207880071FD44CE0F3
:1050D00004F10800012107F0B3F804E004F128000E
:1050E000012107F041F905462E461DB120788007C1
:1050F0000DD43AE0D8F82800A16F20F03800002540
:105100000843C8F828003E46207880072DD5606FF8
:10511000052809D8DFE800F0040E1404040400BFD9
:105120002F46ADB918E000BF0125012720784007C0
:105130001FD44DE004F10800012107F081F804E0DC
:1051400004F12800012107F00FF905462F461DB193
:10515000207840070DD43BE0D8F82800616F20F09C
:10516000070000250843C8F8280037462078400784
:105170002ED5D4F89000052808D8DFE800F0030DFC
:10518000130303032E46ADB918E000BF0126012525
:105190002078800620D451E004F10800012107F0B6
:1051A0004FF804E004F12800012107F0DDF805467E
:1051B0002E461DB1207880060ED43FE0D8F82C0092
:1051C000D4F8901020F0070000250843C8F82C0000
:1051D0003E462078800631D5D4F88C004FEA3070F6
:1051E000052809D8DFE800F0040E1404040400BF09
:1051F0002F46ADB918E000BF0127012520784006F1
:1052000020D451E004F10800002107F019F804E06F
:1052100004F12800022107F0A7F805462F461DB12A
:10522000207840060ED43FE0D8F82800D4F88C103F
:1052300020F0E04000250843C8F8280037462078D1
:10524000400631D5D4F898004FEAB020052809D897
:10525000DFE800F0040E1404040400BF2E46ADB9CC
:1052600018E000BF012601252078000620D454E074
:1052700004F10800002106F0E3FF04E004F1280037
:10528000022107F071F805462E461DB12078000670
:105290000ED442E0D8F82C00D4F8981020F4E05056
:1052A00000250843C8F82C003E462078000634D577
:1052B000D4F89C004FEA703005280FD8DFE800F0E2
:1052C00004141A04040400BF2F46E5B12068010746
:1052D00027D4C1063ED4000355D475E0012701252B
:1052E00020680107F5D51CE004F10800002106F054
:1052F000A7FF04E004F12800022107F035F8054675
:10530000002D2F46E2D1D8F82C00D4F89C1020F4C0
:10531000604000250843C8F82C0037462068010784
:10532000D7D5D4F88000B0F5805F09D104F128000A
:10533000022107F019F8002818BF0127D4F88000CF
:10534000D8F8281021F440510843C8F828002068F4
:10535000C106C0D5D4F89400B0F5807F09D104F11E
:105360002800022107F000F8002818BF0127D4F810
:105370009400D8F82C1021F440710843C8F82C0090
:105380002068000320D5D4F8A000B0F5003F0FD06E
:10539000B0F5803F06D078BB04F10800002106F08C
:1053A0004FFF04E004F12800022106F0DDFF05466E
:1053B0002E4655B9D8F82C00D4F8A01020F440306F
:1053C00000250843C8F82C003E46A07840072BD59E
:1053D000D4F88400B0F5401F0BD0B0F5001F11D0F9
:1053E000B0F5801F2AD1D8F8000040F40030C8F88A
:1053F00000002F46CDB90DE001260125A078400719
:10540000E6D411E004F12800012106F0ADFF0546C5
:105410002F4655B9D8F82800D4F8841020F440104D
:1054200000250843C8F828003746A078C0070AD1ED
:105430003E462168880016D533E000BF01270125CC
:10544000A078C007F4D0206DB0F5803F10D018BB15
:10545000D8F8000040F40030C8F800002E4685B1AE
:10546000216888001DD460688A0326D465E000BFE7
:1054700004F10800022106F0E3FE0546002D2E4649
:10548000EED1D8F82000216D20F4803000250843AB
:10549000C8F82000CCE700BF01260125216888005C
:1054A000E1D504F12800022106F05EFF002818BFB4
:1054B0000126D4E900108A033FD5E26F6FF00103A3
:1054C00003EB3223022B0BD34FEA322343B1012BE0
:1054D00040F0AA80D8F8003043F40033C8F8003018
:1054E00025B3CA022CD48A0234D44A003CD4CA0F51
:1054F00049D1090251D4C1075AD1810763D4410768
:105500006CD4010776D4C10600F18080800607D5EF
:1055100004F12800022106F027FF002818BF01250A
:10552000002D18BF01252846BDE8F087D8F828309F
:1055300023F440731A43C8F828203546CA02D2D54E
:10554000D8F82420236F22F000421A43C8F8242000
:105550008A02CAD5D8F82420A36E22F080721A439A
:10556000C8F824204A00C2D558F81C2C22F4004266
:1055700048F81C2CD4F8B42058F81C3C1A4348F8BE
:105580001C2CCA0FB5D0D8F82020636D22F04052F1
:105590001A43C8F820200902ADD5D8F82810D4F84D
:1055A000882021F440011143C8F82810C107A4D075
:1055B00004F10800002106F043FE002818BF05464C
:1055C000606881079BD504F10800012106F038FED0
:1055D000002818BF05466068410792D504F108000D
:1055E000022106F02DFE002818BF0546606801075D
:1055F0007FF589AF04F12800002106F0B5FE0028F0
:1056000018BF05466068C1067FF580AF04F1280029
:10561000012106F0A9FE002818BF05466068800633
:105620007FF57EAF74E700BF0125CA027FF55BAF4F
:1056300086E700BFD4F8B0004FF6CF7358F81C2CA3
:10564000C0F2FF0300F4407122F47C5203EA10130D
:105650006FF31F30B1F5407F08BF1A43002548F8AB
:105660001C2CD8F844100843C8F84400FFF7CBBC02
:105670002DE9F04381B0002800F02A8142F20008B1
:105680000446C5F200288946D8F8000000F00F0053
:1056900088420ED2D8F8000020F00F0040EA09003E
:1056A000C8F80000D8F8000000F00F00484540F0AE
:1056B0000F81206844F218474107C5F602070AD552
:1056C00021693A6802F07002914204D93A6822F0E6
:1056D00070021143396001070AD561697A6802F0E6
:1056E0007002914204D97A6822F070021143796005
:1056F000C1060AD5A1697A6802F4E062914204D930
:105700007A6822F4E0621143796081060AD5E16982
:10571000BA6802F07002914204D9BA6822F07002AD
:105720001143B96010F002010AD0E2683B6803F04F
:105730000F039A4204D93B6823F00F031A433A60DF
:10574000C20746D0386820F47061D4E9010201280C
:1057500041EA0201396009D003280DD0022811D195
:1057600057F8181C890340F1B38010E057F8181C53
:10577000C90540F1AD800AE057F8181C890140F1D5
:10578000A78004E057F8181C490740F1A18057F89A
:10579000081C21F00701084347F8080CFEF74CFFEE
:1057A000064641F2883500BF57F8080C616800F0E2
:1057B0003800B0EBC10F09D0FEF73EFF801BA842B6
:1057C000F2D9032001B0BDE8F08300BF206800F0EB
:1057D000020151B1E1683A6802F00F02914204D22D
:1057E0003A6822F00F0211433960D8F8001001F036
:1057F0000F0149450DD9D8F8001021F00F0141EAF9
:105800000901C8F80010D8F8001001F00F0149454F
:105810005ED141070AD521693A6802F070029142CF
:1058200004D23A6822F070021143396001070AD5A8
:1058300061697A6802F07002914204D27A6822F0BB
:10584000700211437960C1060AD5A1697A6802F431
:10585000E062914204D27A6822F4E06211437960F6
:1058600080060AD5E069B96801F07001884204D267
:10587000B96821F070010843B86000F0E1F83968B8
:1058800041F6F0533A68C0F60103C1F3032102F078
:105890000F02595C9A5C01F01F0120FA01F102F03D
:1058A0001F0040F2AC0221FA00F0C2F20042106088
:1058B00040F2A40040F2A802C2F20040C2F200424C
:1058C0000068116001B0BDE8F043FEF701BF00BF02
:1058D000012001B0BDE8F0833F22026044F218428B
:1058E000C5F6020252F8083C03F007034360136850
:1058F00003F470638360136803F00F03C3601368DD
:1059000003F070030361536803F07003436153684D
:1059100003F4E0638361926802F07002C26142F2B4
:105920000000C5F20020006800F00F00086070471A
:1059300080B500F085F844F2184141F6F053C5F601
:105940000201C0F601030A68096801F00F01C2F301
:105950000322595C9A5C02F01F0220FA02F201F065
:105960001F0040F2AC0122FA00F0C2F200410860D0
:1059700040F2A801C2F200410A6080BD00000000B0
:1059800080B500F05DF844F2184C41F6F051C5F6D0
:10599000020CC0F60101DCF80020DCF8003003F056
:1059A0000F03C2F30322CB5C8A5C02F01F02D040DB
:1059B00003F01F0240F2AC0320FA02F2C2F20043ED
:1059C0001A6040F2A803C2F200431860DCF8040039
:1059D000C0F30210085C00F01F0022FA00F080BD46
:1059E00080B500F02DF844F2184C41F6F051C5F6A0
:1059F000020CC0F60101DCF80020DCF8003003F0F6
:105A00000F03C2F30322CB5C8A5C02F01F02D0407A
:105A100003F01F0240F2AC0320FA02F2C2F200438C
:105A20001A6040F2A803C2F200431860DCF80400D8
:105A3000C0F30220085C00F01F0022FA00F080BDD5
:105A400044F20041C5F602010869C0F3C200032810
:105A500010D002282ED098BB0868800649F20000BA
:105A6000C0F2D03058BF70470968C1F3C101C840C7
:105A7000704700BF8A6A886AC0F3051CC86ABCF117
:105A8000000F4B6B22D000F0010002F003024042F5
:105A9000022A00EAD3006FF35F3000EE100AB8EE7E
:105AA000400A15D0C2B90868800619D49FED281A9B
:105AB00023E000BF43F20060C0F26E10704700BFE9
:105AC00040F60010C0F23D00704700BF0020704754
:105AD0009FED1E1A11E000BF9FED1B1A0DE000BFE5
:105AE000086849F20002C0F2D032C0F3C10022FAC5
:105AF00000F001EE100AB8EE411A086B9FED153A5E
:105B00006FF35F2002EE100A086BC0F34620B8EE78
:105B1000422A013000EE032A00EE10CAB7EE003A26
:105B2000B8EE400A81EE000A32EE031A20EE010AB6
:105B300001EE100AB8EE411A80EE010ABCEEC00A6E
:105B400010EE100A704700BF0024744A001BB74BC8
:105B50000024744C00000039F0B581B0002800F03A
:105B6000D5800446007844F20046C007C5F6020618
:105B700022D12078800768D5306910F03801B06AEA
:105B800042D0182908BF5FEA80703DD0E0683168D4
:105B9000002800F0258121F0190108433060FEF74C
:105BA0004BFD05463068400748D4FEF745FD401BD5
:105BB0000228F7D977E100BF306900F03801B06AF8
:105BC000102905D018290BD100F00300022807D1B5
:105BD00030688003CDD560680028CAD196E000BF48
:105BE0006068002800F03281B0F5A02F00F04681F7
:105BF000B0F5803F00F04681306820F4803030609E
:105C0000306820F4802040E130684007E06801D52A
:105C100000287BD0316821F0190108433060FEF77D
:105C20000BFD05463068400708D4FEF705FD401B14
:105C300002284FF00300F5D901B0F0BD706821696A
:105C400020F0FE4040EA016070602078C00619D55F
:105C5000306900F03801B06A082906D0182940F0F0
:105C6000818000F0030001287CD13068C00502D596
:105C7000E06980284AD1F068216A20F07C5040EA2F
:105C80000160F0602078000744D42078800655D465
:105C90002078400700F17E80656A9DB3306900F08E
:105CA0003800182840F01481012DB16A306B2DD0D6
:105CB00001F00302A36A9A4228D1C1F30511E26AF6
:105CC000914223D10146226B6FF35F21013A914249
:105CD0001CD1C0F34622616B01398A4216D1C0F350
:105CE0000642A16B01398A4210D1C0F30660E16B14
:105CF000013988420AD1706BA16CC0F3CC0081429B
:105D000040F09C81002001B0F0BD00BF012001B037
:105D1000F0BD00BF60690028706F4FD040F00100F7
:105D20007067FEF789FC0546706F8007ADD4FEF7FB
:105D300083FC401B0228F7D9B5E000BFA06900280A
:105D4000306871D040F480503060FEF775FC054635
:105D5000306880049CD4FEF76FFC401B0228F7D902
:105D6000A1E000BFE0690028306800F09F8040F0AB
:105D700080003060FEF760FC054600BF3068C0055B
:105D80003FF579AFFEF758FC401B02284FF00300A7
:105D9000F4D951E7D6F8000440F48070C6F8000446
:105DA000FEF74AFC054600BFD6F80004C00529D41A
:105DB000FEF742FC401B6428F6D974E020F0010095
:105DC0007067FEF739FC0546706F80077FF55DAFA1
:105DD000FEF732FC401B02284FF00300F4D92BE7FA
:105DE00021F001003060FEF727FC054630684007CF
:105DF0007FF52BAFFEF720FC401B02284FF003007D
:105E0000F4D919E7A068002800F08480052800F084
:105E10009B80012800F09C80306F20F001003067EB
:105E2000306F20F0040096E020F480503060FEF7E0
:105E300003FC0546306880047FF52AAFFEF7FCFBC3
:105E4000401B02284FF00300F4D9F5E6306820F437
:105E500080303060306820F480203060FEF7ECFB4A
:105E6000054600BF306880037FF583AEFEF7E4FB94
:105E7000401B64284FF00300F4D9DDE6306840F49D
:105E800080203060306840F480303060FEF7D4FB12
:105E9000054600BF306880033FF56BAEFEF7CCFBD4
:105EA000401B6428F6D9032001B0F0BD20F080002B
:105EB0003060FEF7C1FB05463068C0057FF5E2AEF5
:105EC000FEF7BAFB401B02284FF00300F4D9B3E6FB
:105ED000306820F080703060FEF7AEFB022D054682
:105EE0000CD100BF3068800148D5FEF7A5FB401BF0
:105EF00002284FF00300F5D99EE600BF306880010C
:105F00007FF500AFFEF798FB401B02284FF003001F
:105F1000F4D991E6306F20F001003067306F20F047
:105F200004003067FEF788FB054641F28837306F82
:105F300080077FF5B1AEFEF77FFB401BB8424FF004
:105F40000300F4D978E600BF306F40F004003067FA
:105F5000306F40F001003067FEF76EFB054641F2FE
:105F6000883700BF306F80073FF596AEFEF764FBC1
:105F7000401BB8424FF00300F4D95DE604F1280756
:105F8000B06A40F2F33188438ECF0843591E40EA8D
:105F900002104FF47E426FF35F21B06202EB4720A4
:105FA0004FF4FE0280B2E36B0844A16B02EB0141A7
:105FB0004FF0FE4201F4FE0102EB0362084402F0DE
:105FC000FE4108443063F06A4FF6F87120F001009A
:105FD000F062706BA26C884340EAC2007063F06AA2
:105FE000216C20F00C000843F062F06A616C20F034
:105FF00002000843F062F06A40F48030F062F06A18
:1060000040F40030F062F06A40F48020F062F06A00
:1060100040F00100F062306840F080703060FEF7C0
:106020000BFB0446306880013FF56CAEFEF704FBC5
:10603000001B02284FF00300F4D9FDE5F06A20F0C0
:106040000100F062FEF7F8FA0546FEF7F5FAA842FD
:10605000FBD0706B4FF6F871A26C884340EAC20027
:106060007063F06A40F00100F062002001B0F0BD02
:10607000F0B581B0F8B10446D0F888001E46154648
:106080000F4628B9002084F88400204602F0C0FBA7
:106090002420C4F888002068A16A0268002922F040
:1060A0000101016002D0204607F0DEF8204607F02B
:1060B0003BFC012802D1012001B0F0BD20688168BD
:1060C00041F480418160816821F40041394381605D
:1060D0003104026841EA45516FF3194211430160EE
:1060E000016841F001010160204601B0BDE8F040C7
:1060F00007F02AB90000000070470000000000000F
:1061000070B50446006802694369816894F881505B
:106110001E050BD512F0080608D0816941F4006114
:1061200081612046BDE8704000F09EBA03EA020695
:1061300006F06402042A07D1616F20468847216F68
:106140002046BDE87040084706F04502012A07D105
:10615000216F2046884706F02600022804D070BD33
:1061600006F02602022A05D1616F2046BDE8704084
:10617000084700BF320715D416F4587FEFD016F049
:1061800040005FD1B0056AD4F00506F0200076D457
:10619000002840F08280D4F88400002840F08D80F0
:1061A000DDE700BF21688A6942F008028A618A69D6
:1061B00042F010028A618A6942F400628A610A69C7
:1061C00022F008020A61896811F4404F23D020466A
:1061D00006F066F9012084F88100D4F884000028D4
:1061E00040F0A380032D00F0A580042D00F0A880CE
:1061F000052DB4D12046BDE8704000F03DBC00BF85
:106200002268616E126B41F8042B6166B4F86A1063
:106210000139A4F86A10B4F86A100029D7D0E168EF
:106220001029EDD2082905D3028E616E21F8022BC8
:10623000EBE700BF216891F83010626E1170616E5B
:106240000131E2E72068D4F8842042F00402C4F867
:106250008420826942F040028261B00594D52068B2
:10626000D4F8842042F00102C4F88420826942F408
:1062700000728261F00506F020007FF589AF226888
:10628000D4F8843043F00803C4F88430936943F4AD
:106290008073936100283FF47EAF2068D4F8842097
:1062A00042F08002C4F88420826942F020028261B8
:1062B000D4F8840000283FF452AF206801F4404134
:1062C00040F26B33B1F5404F026822F001020260E8
:1062D000026922EA0301016124D181684CF27155FF
:1062E00021F440418160E06FC0F6000548B10565CA
:1062F000FBF71AFE28B1D4F8840040F04000C4F83F
:106300008400A06F00283FF42AAF0565FBF70CFE60
:10631000002808BF70BDD4F8840040F04000C4F8E5
:10632000840070BD012084F881002046BDE87040E3
:10633000FFF7E2BE2046BDE8704000F099BB00BF09
:106340002046BDE8704000F08BB90000000000005E
:106350002DE9F04381B000285BD043F600010446EC
:106360000068C4F2000143F2000E43F6004C88427C
:10637000C4F2010EC4F2000C4FF00002A26203D07E
:10638000604518BF704541D1E36B0125E268884242
:1063900002F1080205EB53134FEAD20202FB03F3AA
:1063A00018BF704526D1102B33D894F8810028B936
:1063B000002084F88000204600F0AAF8022084F82B
:1063C0008100D4E90009D4F818800368B8F1806F1F
:1063D00023F001030360836803F4F81E26D1B9F1AA
:1063E000000F1BD0B9F5800F20D1A36BD3B14FF4B0
:1063F000800921E0604518BF082B0AD80CF57441CC
:10640000884218BF6045CED0CFE700BFE3680F2BAE
:10641000BAD9012001B0BDE8F08300BFA36BB3F18E
:10642000805F71D1036843F4805303605FEA4923BE
:1064300002D44FF0010C0FE0E368072B0AD3056884
:1064400025F4807C256D45EA0C0505604FF0000CB5
:1064500007E000BF4FF0000C036823F48073036073
:10646000E368E769A26A47EA0E07E16B3A43A56869
:1064700011432669676919438160B9F1000F626AA7
:10648000D4E90D1341EA0201226A41EA0301E36CF7
:1064900041EA060141EA070141EA0201A26C41EA30
:1064A0000301A36D41EA050141EA020141EA03014A
:1064B00041EA080141EA0901C1600DD0016DBCF15A
:1064C000000F21F00101016514D1C168626D21F056
:1064D00000411143C1600DE08168012262F3CC21CB
:1064E00081608168022262F34A218160016D21F09E
:1064F000010101650020C4F88400012184F88110A5
:1065000001B0BDE8F08300BF4FF0000991E7000043
:106510002DE9F047B4B06946044601F10800B02106
:10652000FAF7D3F843F600012068C4F2000188426C
:1065300002D034B0BDE8F0874FF480500090684638
:1065400000270197FEF740FB08B1FBF7EDF944F295
:10655000E04040F20045C5F60200C5F602052FAE48
:1065600040F2100881684FF0020941F480418160D7
:106570008168C4F2020801F480412F912F990168CB
:1065800041F00401016001684FF0050A01F00401C7
:106590002F912F99016841F0020101600068314696
:1065A00000F002002F902F9806202F9005F58060B4
:1065B000CDE930973297CDF8CCA0FDF75DFF4FF4D1
:1065C00000503146CDE92F092846CDF8CCA0CDE9C1
:1065D0003177FDF751FF41F2FC152720C2F200454B
:1065E0004FF480694FF44036C5E901072846C5F8E5
:1065F0000080EF60C5E90497C5E90677C5E908673B
:10660000FCF70AFA08B1FBF78FF9E56708F1180003
:10661000AC6341F27425C2F200452860282068600E
:106620004020A8600020C5E90309C5E90500C5E9C7
:10663000070668622846FCF7EFF908B1FBF774F922
:10664000242005210022A567AC63FEF70DF9242064
:10665000FEF7F6F834B0BDE8F08700000000000057
:1066600070470000000000007047000000000000BC
:106670002DE9F04F81B09B4615460F460446D0F8F1
:106680000090C66BFDF7D8FF94F8811001290FD157
:1066900080464FF0010027B1002D18BFBBF1000F5D
:1066A00002D101B0BDE8F08F94F88000012803D139
:1066B000022001B0BDE8F08F012084F880000520A1
:1066C00084F881000021C4F88410656643F6000256
:1066D000A4F86AB0C4F20002A4F868B0E765102715
:1066E000A4F862B02068A4F860B0216790426167A6
:1066F000C16821F4C021C1600CD043F60041C4F24E
:106700000001884206D043F20001C4F20101884230
:1067100018BF082741684FF6FF7291435944416002
:10672000016841F0010101606168B1F5800F4FF02F
:10673000010103D1026842F400720260E0680A9B22
:10674000102801EB561169D3BF0801208DB203F167
:10675000010901235E460FE04FF0000BB3B246EA99
:106760000B011FFA8BF0002B18BF0123002818BF64
:106770000120090400F04C8121684A6992071FFA40
:106780008BF205D5DB071CBF17FA86F3934203D8BB
:10679000C0074869E0D00EE0E36D53F8046B0E6269
:1067A000E365B4F86230013BA4F86230B4F862608B
:1067B000C0074869D0D04B69DB0704D1AA420FD289
:1067C00010F400400CD0096B606E0160043060660C
:1067D000B4F86A000138A4F86A00B4F86AB0BDE7FA
:1067E000FDF72AFFB9F1000FB8D0A0EB08000A9915
:1067F0008842B3D3204605F053FED4F8840040F419
:106800008070C4F88400012084F88100002084F89E
:106810008000032001B0BDE8F08F00BF072875D9C4
:106820004FF6FF727F081FFA81FA0120591CA2F16E
:10683000010C01235D46009110E000BF4FF0000BFA
:10684000ABB245EA0B011FFA8BF0002B18BF0123F6
:10685000002818BF0120090400F0DA80226851697D
:1068600089071FFA8BF105D5DB071CBF17FA85F3E3
:106870008B4203D8C0075069E0D00FE0E36D33F8D6
:10688000026BA9F82060E365B4F86230013BA4F81C
:106890006230B4F86250C0075069CFD05269D20755
:1068A00015D151450ED210F400420BD0B9F830107A
:1068B000606E20F8041BB9F8301020F8021C614605
:1068C0000CE000BF012913D110F4005010D0B9F82A
:1068D0003010606E20F8021B4FF6FF716066B4F84E
:1068E0006A000844A4F86A00B4F86AB0A8E700BFD8
:1068F0006646FDF7A1FE009931B1A0EB08000A99A8
:106900008842B4469CD375E7B44699E74FF6FF72C8
:1069100001201FFA81F95E1CD51E0123DA460FE023
:106920004FF0000B1FFA8AF34AEA0B011FFA8BF0B3
:10693000002B18BF0123002818BF0120090467D0CD
:1069400021684A6992071FFA8BF205D5DB071CBF45
:1069500017FA8AF3934203D8C0074869E0D011E0E0
:10696000E36D1B7881F82030E16D0131E16521682C
:10697000B4F86230013BA4F86230B4F862A0C007FA
:106980004869CDD04B69DB0725D14A451ED210F4AA
:1069900000431BD091F83000616E08702068616E72
:1069A0004A1C626690F8300048702068616E4A1C8C
:1069B000626690F8300048702068616E4A1C62661A
:1069C00090F83000487028460BE000BF032A13D827
:1069D00010F4C04010D091F83000616E08704FF68E
:1069E000FF70616E01316166B4F86A100844A4F862
:1069F0006A00B4F86AB095E7FDF71EFE002E91D04C
:106A0000A0EB08000A998842FFF48CAFF2E600BFC1
:106A10000A9D681C14D000BF20684069000713D489
:106A2000FDF70AFEA0EB0800A842F5D3D4F88400D5
:106A300040F02000C4F8840006E000BFFDF7FCFD34
:106A4000206840690007F9D5204605F029FD01209E
:106A500084F88100002084F88000D4F884000028A5
:106A600018BF012001B0BDE8F08F00000000000059
:106A700070470000000000007047000000000000A8
:106A800040F20442C5F60002136823EA00000843FE
:106A90001060704700000000704700000000000018
:106AA0007047000000000000704700000000000078
:106AB000B0B590F83C20012A4FF0020263D080F874
:106AC0003D2040F2004C0268C4F2010C42F48063A5
:106AD00063455368D2F808E002BF23F470034C68A2
:106AE00023434DF6FF740D68C4F2000423F07003D5
:106AF000A24243EA0503536014DC40F2FF73C4F280
:106B000000039A4222DD40F60003C4F200039A42D9
:106B10002ED040F60043C4F200039A4228D041F63A
:106B2000000321E04FF6FF73C4F200039A4213DD25
:106B30000023C4F201039A421AD044F20003C4F2C3
:106B400001039A4214D0624512D016E0B2F1804F90
:106B50000ED040F2004307E04EF20003C4F20003FF
:106B60009A4205D04EF20043C4F200039A4204D187
:106B70002EF080038968194391600022012180F87A
:106B80003D1080F83C201046B0BD00000000000021
:106B900060B310B5044690F83D0028B9002084F891
:106BA0003C00204600F024F8022084F83D002068D4
:106BB000211D05F00DFE012084F8480084F83E00F8
:106BC00084F83F0084F8400084F8410084F84200D3
:106BD00084F8430084F8440084F8450084F84600B3
:106BE00084F8470084F83D00002010BD0120704764
:106BF000B0B582B040F2004104460068C4F2000122
:106C0000884201D002B0B0BD44F2E84041F2EC2528
:106C1000C5F60200C2F20045016841F002010160C0
:106C2000006800F00200019040200199C4F20200C7
:106C30002860182068604020A8600020E8604FF4B9
:106C4000806129614FF4006169614FF40051C5E929
:106C50000610C5E908002846FBF7DEFE08B1FAF782
:106C600063FEA562AC6302B0B0BD0000000000008E
:106C700090F83D10012927D1022180F83D100168CC
:106C80004DF6FF70C4F200008142C86840F0010078
:106C9000C8601BDC40F2FF70C4F2000081422DDDB1
:106CA00040F60000C4F2000081423DD040F60040B2
:106CB000C4F20000814237D041F60000C4F2000067
:106CC000814231D03CE000BF012070474FF6FF7099
:106CD000C4F2000081421BDD0020C4F201008142A9
:106CE00022D044F20000C4F2010081421CD040F2E4
:106CF0000040C4F20100814216D021E0B1F1804F82
:106D000012D040F20040C4F2000081420CD017E0E3
:106D10004EF20000C4F20000814205D04EF2004065
:106D2000C4F2000081420BD107228868C0F2010240
:106D300002400020062A18BFB2F5803F00D17047FC
:106D4000086840F001000860002070470000000063
:106D500080B590F83C20012A4FF0020200F0A78095
:106D600080F83D208822D0F800C0CFF6CE72DCF843
:106D700008301A40CCF808200B686F2B0EDDB3F1F9
:106D8000101F37DAB3F5005F46DA702B00F09280FF
:106D9000B3F5805F00F08480D6E000BF2F2B33DD99
:106DA0004F2B3FDC302B6FD0402B40F0CD80D1F803
:106DB00004E0C968DCF82030DCF8202022F0010271
:106DC000CCF82020DCF8182022F0F00242EA011171
:106DD00023F00A02CCF8181042EA0E01CCF8201079
:106DE0004FF68872DCF80810CFF6CF7211404731A9
:106DF00054E000BF2F21C0F210018B423ADCB3F106
:106E0000101F41D020213BE0002B18BF102B3BD09E
:106E1000202B39D098E000BF60D0B3F5801F33D06D
:106E200092E000BF502B6DD0602B40F08D80D1F8E8
:106E300004E0C968DCF82030DCF8202022F01002E1
:106E4000CCF82020DCF8182022F4704242EA01310C
:106E500023F0A002CCF8181042EA0E11CCF8201052
:106E60004FF68872DCF80810CFF6CF721140673108
:106E700014E000BF3021C0F210018B4204D0402149
:106E8000C0F210018B425FD14FF68872DCF8081017
:106E9000CFF6CF721140194341F00701CCF808102A
:106EA0000022012180F83D10002180F83C1010469E
:106EB00080BD00BFD1E901E3C968DCF8082043EADE
:106EC0000E0322F47F4243EA01211143CCF808105B
:106ED000DCF8081041F07701E0E700BFD1E901E3F9
:106EE000C968DCF8082043EA0E0322F47F4243EA33
:106EF00001211143CCF80810DCF8081041F480415E
:106F0000CCE700BFD1F804E0C968DCF82030DCF839
:106F1000202022F00102CCF82020DCF8182022F0FA
:106F2000F00242EA011123F00A02CCF8181042EAFA
:106F30000E01CCF820104FF68872DCF80810CFF65E
:106F4000CF7211405731A9E70122AAE700000000E3
:106F500070470000000000007047000000000000C3
:106F6000F0B581B004460068C5680669B10717D559
:106F700015F0020114D06FF00201016101212177A7
:106F80008069800704D02046FFF7E6FF06E000BFD7
:106F9000204600F09DF8204600F052FB00202077AC
:106FA000700719D515F0040016D020686FF00401A1
:106FB000016102212177806910F4407F04D02046CE
:106FC000FFF7CAFF06E000BF204600F081F8204628
:106FD00000F036FB00202077300717D515F00800A9
:106FE00014D020686FF00801016104212177C06985
:106FF000800703D02046FFF7AFFF05E0204600F0F2
:1070000067F8204600F01CFB00202077F00619D519
:1070100015F0100016D020686FF0100101610821F2
:107020002177C06910F4407F04D02046FFF794FF19
:1070300006E000BF204600F04BF8204600F000FBC1
:1070400000202077F00718BF15F0010006D0206857
:107050006FF001010161204600F0AEFE05F08007EF
:1070600016F4025F18BF002F02D1F00509D410E01A
:1070700020686FF4025101612046FFF711FDF00511
:1070800007D537B120686FF4807101612046FFF7A2
:1070900003FD700609D515F0400006D020686FF09A
:1070A00040010161204600F08FFEB0060CD515F0BE
:1070B000200009D020686FF020010161204601B056
:1070C000BDE8F040FFF7F0BC01B0F0BD00000000EB
:1070D00070470000000000002DE9F04190F83C30BE
:1070E000012B03D10220BDE8F08100BF4FEAB202BC
:1070F000052A31D8DFE812F0060038007600B40027
:10710000DA000001036843F6FF76C4F201061C6A48
:10711000B3421A6A24F0020422F001021A621A46EB
:10712000D3F804E052F818CF8D6844EA0504D1F88A
:10713000008040F3078144F20007C4F20107BB421C
:1071400000F00B8144F60007C4F20107BB4200F0D7
:10715000048144F20047FCE00121002280F83C2039
:107160000846BDE8F08100BF036840F2004E43F4DA
:107170008067C4F2010E1C6A77451A6A24F0200465
:1071800022F010021A621A465D6852F818CF8E6813
:1071900044EA061407D1CE686FF0400724F0C0041B
:1071A00007EA0616344343F6FF76D1F80080C4F2AE
:1071B0000106B34240F3EC8044F20007C4F2010739
:1071C000BB4200F0EC8044F60007C4F20107BB426A
:1071D00000F0E58044F20047C4F20107BB4200F032
:1071E000DE80E3E0036840F2004E43F48067C4F2BF
:1071F000010E1C6A77451A6A24F4007422F4807226
:107200001A621A465D6852F81CCF8E6844EA06245A
:1072100007D1CE6840F2FF47360224F44064BE43F3
:10722000344343F6FF76D1F80080C4F20106B3423E
:1072300040F3D48044F20007C4F20107BB4200F0DF
:10724000D48044F60007C4F20107BB4200F0CD80B1
:1072500044F20047C4F20107BB4200F0C680CBE015
:10726000036843F6FF77C4F20107D3F820C0BB429E
:107270001A6A22F480521A621A465C6852F81C6F2D
:107280000D68D1F808E040F3CF8044F20007C4F263
:107290000107BB4200F0D38044F60007C4F20107A7
:1072A000BB4200F0CC8044F20047C4E0036843F6E0
:1072B000FF77C4F20107D3F820C0BB421A6A22F458
:1072C00080321A621A465C6852F8546F0D68D1F821
:1072D00008E040F3D38044F20007C4F20107BB4248
:1072E00000F0D78044F60007C4F20107BB4200F06B
:1072F000D08044F20047C8E0036843F6FF77C4F249
:107300000107D3F820C0BB421A6A22F480121A6225
:107310001A465C6852F8546F0D68D1F808E040F3E3
:10732000D98044F20007C4F20107BB4200F0DD80BF
:1073300044F60007C4F20107BB4200F0D68044F2D5
:107340000047CEE00027C4F20107BB4205D040F25F
:107350000047C4F20107BB4205D1CF6824F00C04FA
:1073600027F004073C43B34240F3E28044F20006B6
:10737000C4F20106B34200F0E68044F60006C4F20F
:107380000106B34200F0DF8044F20046D7E000BFC0
:107390000027C4F20107BB4201D0734506D1D1E9F1
:1073A0000576374325F4406646EA870548F6FF47E9
:1073B0005D60CFF6FF6707EA0C0747EA08279F6181
:1073C0004F6809699F631C629F6947F400679F616A
:1073D0009F6927F480679F61A7E000BF0027C4F280
:1073E0000107BB4201D0734506D1D1E90576374389
:1073F00025F4405646EA07154FF68C775D60CFF6C8
:10740000FE7707EA0C0747EA0807DF614F6809695A
:10741000DF631C62DF6947F00807DF61DF6927F07F
:107420000407DF61ADE000BF0027C4F20107BB42E3
:1074300005D040F20047C4F20107BB4204D14F69B6
:1074400024F4804444EA871448F6FF475C60CFF692
:10745000FF673E402CF4005746EA0524DC614E6885
:1074600009691E6447EA0E371F62DF6947F4006747
:10747000DF61DF6927F48067DF6156E00027C4F22F
:107480000107BB4205D040F20047C4F20107BB42EE
:1074900004D14F6924F4803444EA07244FF68C77F2
:1074A0005C60CFF6FE7703373E402CF4003746EAA7
:1074B00005045C654E6809699E6547EA0E471F62D0
:1074C0005F6D47F008075F655F6D27F004075F6534
:1074D00057E000BF0027C4F20107BB4205D040F2CD
:1074E0000047C4F20107BB4204D14F6924F4802451
:1074F00044EA872448F6FF475C60CFF6FF6707F54C
:1075000040773E402CF4001746EA05245C654E683F
:107510000969DE6547EA0E571F625F6D47F4006731
:107520005F655F6D27F480675F65090229E000BF32
:107530000026C4F20106B34205D040F20046C4F270
:107540000106B34206D12EF44077D1E905653743F1
:1075500047EA050E4FF68C75C3F804E0CFF6FE75CA
:107560000CEA050747EA08079F614F6809695F63EE
:107570001C629F6947F008079F619F6927F0040715
:107580009F611368194311600021002280F83C209C
:107590000846BDE8F081000060B310B5044690F8DD
:1075A0003D0028B9002084F83C00204600F024F873
:1075B000022084F83D002068211D05F009F9012012
:1075C00084F8480084F83E0084F83F0084F84000C6
:1075D00084F8410084F8420084F8430084F84400B1
:1075E00084F8450084F8460084F8470084F83D009C
:1075F000002010BD0120704780B582B041F6000127
:107600000068C4F2000188421CBF02B080BD44F291
:10761000E8400022C5F60200016841F04001016027
:107620000068052100F04000019001982B20FDF733
:107630001BF92B2002B0BDE88040FDF701B9000026
:1076400010B540F2004104460068C4F200018842CF
:1076500018BF10BD0421204600F006FB2068002161
:1076600081634AF6EC10C2F20140017010BD0000C7
:10767000704700000000000071B10A1F4FEAB2021B
:10768000032A11D8DFE802F002161E2400F13F039E
:107690001B78012B13D120E090F83E20012A0ED157
:1076A000022280F83E2032E000F143031B78012BD8
:1076B00005D112E000F140031B78012B0DD0012011
:1076C000704700BF00F141031B78012B05D0F6E79E
:1076D00000F142031B78012BF1D1032A08D8DFE81F
:1076E00002F0030B0F1300BF022280F83F200EE0D0
:1076F000022280F843200AE0022280F8402006E0BF
:10770000022280F8412002E0022280F84220026832
:1077100001F01F00012101FA00F0116A814311629A
:107720004EF2FF31C4F200018A42116A40EA0100C0
:10773000106215DC40F6FF30C4F20000824227DC04
:10774000B2F1804F4ED040F20040C4F200008242BD
:1077500048D040F60000C4F20000824242D053E01C
:1077600043F6FF700021C4F20100C4F2010182421D
:1077700044F20000C4F201001EDC4EF20043C4F2E9
:1077800000039A422ED08A4224D040F200431DE0EA
:1077900040F60040C4F20000824223D041F60000CF
:1077A000C4F2000082421DD04EF20000C4F200007C
:1077B000824217D028E000BF82420BD044F600037B
:1077C000C4F201039A4205D044F20043C4F201031B
:1077D0009A4219D1536C8A4243F40041516418BF54
:1077E00082420BD107219068C0F2010101400020C4
:1077F000062918BFB1F5803F06D1704740F200401E
:10780000C4F201008242EDD0106840F00100106027
:107810000020704700000000B0B50C46054679B165
:10782000201F4FEAB00003282CD8DFE800F0031730
:107830001D2300BF05F13F01097802291FD026E072
:1078400095F83E00022801D10220B0BD05F13E00AE
:107850000078012840F0F48046E000BF05F14001C7
:10786000097802290BD012E005F1410109780229BB
:1078700005D00CE005F142010978022907D1022068
:10788000B0BD00BF05F1430109780229F7D00328F4
:1078900024D8DFE800F0030B131B00BF05F13F0005
:1078A0000078012840F0CC801EE000BF05F14000C8
:1078B0000078012840F0C48016E000BF05F14100C7
:1078C0000078012840F0BC800EE000BF05F14200C6
:1078D0000078012840F0B48006E000BF05F14300C5
:1078E0000078012840F0AC800120002A18BF002B4E
:1078F00000D1B0BD64B1201F4FEAB00003280BD8FF
:10790000DFE800F0020E1216022085F83F0012E0B8
:10791000022085F83E000EE0022085F843000AE0D0
:10792000022085F8400006E0022085F8410002E0D0
:10793000022085F842004FEAB400032800F280805C
:10794000DFE800F002224262686A4CF64911C0F694
:1079500000014CF6F91CC1634CF6C111686AC0F60F
:107960000001C0F6000C01642968686AC0F84CC0C8
:1079700001F1340C686A11466246FBF77DFB002872
:107980005ED14FF400705FE0A86A4CF64911C0F672
:1079900000014CF6F91CC1634CF6C111A86AC0F68F
:1079A0000001C0F6000C01642968A86AC0F84CC048
:1079B00001F1380CA86A11466246FBF75DFB00280E
:1079C0003ED14FF480603FE0E86A4CF64911C0F6C2
:1079D00000014CF6F91CC1634CF6C111E86AC0F60F
:1079E0000001C0F6000C01642968E86AC0F84CC0C8
:1079F00001F13C0CE86A11466246FBF73DFBF8B921
:107A00004FF4006020E000BF286B4CF64911C0F62F
:107A100000014CF6F91CC1634CF6C111286BC0F68D
:107A20000001C0F6000C01642968286BC0F84CC046
:107A300001F1400C286B11466246FBF71DFB08B1B3
:107A40000120B0BD4FF480502968CA681043C86057
:107A500004F01F00012202FA00F00A6A82430A625F
:107A60004EF2FF320B6AC4F20002184391420862E0
:107A700014DC40F6FF30C4F20000814226DCB1F194
:107A8000804F51D040F20040C4F2000081424BD000
:107A900040F60000C4F2000044E000BF43F6FF706F
:107AA0000022C4F20100C4F20102814244F200004B
:107AB000C4F201001CDC4EF20043C4F20003994200
:107AC00032D0914222D040F200431BE040F6004009
:107AD000C4F20000814227D041F60000C4F2000049
:107AE000814221D04EF20000C4F200001AE000BF33
:107AF00081420BD044F60003C4F20103994205D041
:107B000044F20043C4F20103994219D14B6C9142F3
:107B100043F400424A6418BF814205D040F200405D
:107B2000C4F2010081420BD107228868C0F2010231
:107B300002400020062A18BFB2F5803F3FF4D9AEBC
:107B4000086840F0010008600020B0BD000000009F
:107B5000026801F01F0C012303FA0CFC136A23EAEC
:107B60000C0343F6FF7CC4F2010C13626245136AF6
:107B7000136213DD44F20003C4F201039A4218D0E9
:107B800044F60003C4F201039A4212D044F20043C7
:107B9000C4F201039A420CD019E000BF0023C4F2E2
:107BA00001039A4205D040F20043C4F201039A4215
:107BB0000DD1D2F820C041F211131CEA030F06D1F7
:107BC000D2F820C040F244431CEA030F12D0D2F88E
:107BD00020C041F211131CEA030F16D1D2F820C0C5
:107BE00040F244431CEA030F0FD1136823F0010352
:107BF00013600AE0536C23F400435364D2F820C0AE
:107C000041F211131CEA030FE8D04FEAB101042935
:107C10000AD8DFE801F0030F151B2100012180F8CD
:107C20003E100020704700BF012180F84310002063
:107C3000704700BF012180F83F100020704700BF4F
:107C4000012180F840100020704700BF012180F81A
:107C500041100020704700BF012180F84210002031
:107C6000704700000000000070B54FEAB106032E17
:107C70000ED804460D46DFE806F0030D151D00BFC3
:107C8000204650F8241BCA6822F4007218E000BF96
:107C9000012070BD204650F8281BCA6822F480627B
:107CA0000EE000BF204650F82C1BCA6822F4006288
:107CB00006E000BF204650F8301BCA6822F480520C
:107CC000CA600068FAF730F9206805F01F01012248
:107CD00002FA01F1026A22EA010143F6FF72C4F2DC
:107CE000010201629042016A016213DD44F2000167
:107CF000C4F20101884218D044F60001C4F2010127
:107D0000884212D044F20041C4F2010188420CD0F2
:107D100015E000BF0021C4F20101884205D040F205
:107D20000041C4F20101884209D1016A41F21112F5
:107D3000114204D1016A40F2444211420ED0016A5C
:107D400041F21112114212D1016A40F24442114231
:107D50000DD1016821F00101016008E0416C21F4BE
:107D600000414164016A41F211121142ECD0032E2C
:107D70000AD8DFE806F0030F151B00BF012084F8C6
:107D80003E00002070BD00BF012084F843000020A9
:107D900070BD00BF012084F83F00002070BD00BF0F
:107DA000012084F84000002070BD00BF012084F84D
:107DB0004100002070BD00000068B0F1804F18BF86
:107DC0007047FCF741BC0000704700000000000055
:107DD00090F88410012901D1022070472421C0F8B5
:107DE000881002681368116823F0005321F0010124
:107DF00011600021416613602022C0F8882080F8BD
:107E0000841008467047000010B50446D0F88C0076
:107E1000202805D10120002918BF002A02D110BD59
:107E2000022010BD0120E06600202067204605F0FA
:107E3000E7FF002818BF10BDE06E01282CD1206894
:107E400010210162206850E8000F216840F0100006
:107E500041E8000212B3206850E8000F216840F0AA
:107E6000100041E80002002A1FBF206850E8000F00
:107E7000216840F010001CBF41E80002002A0DD02C
:107E8000206850E8000F216840F0100041E800022F
:107E90000020002AD6D1C2E7012010BD002010BD6D
:107EA00080B541F62412C2F20042904208BF402938
:107EB0000ED041F69001C2F20041884218BF80BD49
:107EC00001F066FE0B20BDE88040F9F71DBD00BF44
:107ED00040F26040C2F20040416801314160F8F771
:107EE000B3FE0A20F9F710FD40F6F8700021C2F247
:107EF000004080F8D01080BD7047000000000000F6
:107F000070B590F88420012A02D1022070BD00BF14
:107F10002422C0F888200268D0F864E0BEF1000F87
:107F2000D2F800C0136823F001031360936823F0B4
:107F3000606341EA030191601AD0916841F6E06EF6
:107F40009368C0F6010E5B0F41F6E865C1F3426627
:107F5000C0F601051EF80340E95C2301B3FBF1F113
:107F60001EF80630AE5D1B01B3FBF6F302E000BF66
:107F700001210123A0F86A102021A0F86830C2F87E
:107F800000C0C0F88810002180F88410084670BD39
:107F900070B590F88420012A02D1022070BD00BF84
:107FA0002422C0F888200268D0F864E0BEF1000FF7
:107FB000D2F800C0136823F001031360936823F024
:107FC000604341EA030191601AD0916841F6E06E86
:107FD0009368C0F6010E5B0F41F6E865C1F3426697
:107FE000C0F601051EF80340E95C2301B3FBF1F183
:107FF0001EF80630AE5D1B01B3FBF6F302E000BFD6
:1080000001210123A0F86A102021A0F86830C2F8ED
:1080100000C0C0F88810002180F88410084670BDA8
:1080200070470000000000007047000000000000E2
:10803000704700000000000070B50446006840F67C
:108040002F01C26911402029016886680ED101F014
:10805000200306F080555B191AD0616F002900F0EB
:108060007D802046BDE87040084700BF40F60F0302
:108070001A420DD0012340F22015C1F20003C0F2D4
:10808000004506EA030C01EA050313EB0C0367D174
:10809000E36E012B05D112F0100318BF11F010038D
:1080A0004CD1D3020AD516F4800307D04FF48011C7
:1080B00001622046BDE87040FFF7B6BF100606D546
:1080C00001F0800006F40003C01840F0A1815006C2
:1080D0006ED511F040006BD0206850E8000F216889
:1080E00020F0400041E80002F2B1206850E8000FA3
:1080F000216820F0400041E80002002A1FBF2068EC
:1081000050E8000F216820F040001CBF41E8000249
:10811000002A09D0206850E8000F216820F04000B4
:1081200041E80002002AD7D12020C4F888000020AE
:10813000A0672046BDE8704000F0DEBC102101625F
:108140008068400616D4B4F85C00B4F85E10B4F849
:108150005E20002A18BF884240F08A8170BD00BFAF
:10816000D30718BF11F480732ED1930706F0010EC8
:1081700036D440E0D4F8800040F20F42C4F202024C
:108180000168914200F34A816F22C4F202029142D7
:1081900000F3F0813F22C4F20202914200F3068212
:1081A0001022C4F20202914200F0258228221FE22E
:1081B000100240F14B8111F0804000F047812046D1
:1081C000BDE87040FFF72CBF01230362D4F8903064
:1081D00043F00103C4F89030930706F0010E0AD56E
:1081E000BEF1000F07D002230362D4F8903043F0B1
:1081F0000403C4F8903053070AD5BEF1000F07D02E
:1082000004230362D4F8903043F00203C4F89030A2
:1082100013070CD501F0200353EA0C0307D0082301
:108220000362D4F8903043F00803C4F8903013058B
:108230000BD511F0806308D04FF400630362D4F8CB
:10824000903043F02003C4F89030D4F89030002BE5
:108250003FF484AF12F020020AD001F0200106F0B2
:108260008052891804D0616F11B120468847206878
:10827000D4F89010806800F0400001F02801401808
:1082800006D12046FFF7D4FE0020C4F8900070BD50
:10829000206850E8000F216820F4907041E8000247
:1082A000F2B1206850E8000F216820F4907041E896
:1082B0000002002A1FBF206850E8000F216820F448
:1082C00090701CBF41E80002002A09D0206850E8E5
:1082D000000F216820F4907041E80002002AD7D1F5
:1082E0004FF6FE70CEF6FF70216851E8021F22683B
:1082F000014042E80213DBB1216851E8021F226805
:10830000014042E80213002B1FBF216851E8021F01
:10831000226801401CBF42E80213002B08D02168EC
:1083200051E8021F2268014042E80213002BDBD112
:10833000E06E012827D1206850E8000F216820F066
:10834000100041E80002F2B1206850E8000F2168F7
:1083500020F0100041E80002002A1FBF206850E80A
:10836000000F216820F010001CBF41E80002002A25
:1083700009D0206850E8000F216820F0100041E883
:108380000002002AD7D12020C4F88C000020E0662B
:10839000216860678868400664D5206850E8020F4D
:1083A000216820F0400041E80202F2B1206850E864
:1083B000020F216820F0400041E80202002A1FBF9E
:1083C000206850E8020F216820F040001CBF41E8FF
:1083D0000202002A09D0206850E8020F216820F02C
:1083E000400041E80202002AD7D1D4F88000C8B387
:1083F0004DF2C141C0F600010165F9F795FD002875
:108400003FF4ACAED4F88000016DBDE87040084781
:10841000A16F00297FF425AEA0E600BF40F26F42B5
:10842000C4F20202914200F3B18040F23F42C4F232
:108430000202914200F3C28040F21042C4F20202F2
:10844000914200F0D88040F22842D1E0D0017FF57F
:1084500085AEB1F1FF3FC8BF70BD2046BDE870409A
:10846000FFF74ABD2046BDE87040FFF7E1BD00BF01
:10847000401A216851E8001F226821F4907142E8F7
:108480000013F3B1216851E8001F226821F49071B4
:1084900042E80013002B1FBF216851E8001F22682B
:1084A00021F490711CBF42E80013002B09D0216811
:1084B00051E8001F226821F4907142E80013002B5C
:1084C000D7D14FF6FE71CEF6FF71226852E8022F27
:1084D00023680A4043E80226DEB1226852E8022FF0
:1084E00023680A4043E80226002E1FBF226852E894
:1084F000022F23680A401CBF43E80226002E08D042
:10850000226852E8022F23680A4043E80226002E20
:10851000DBD12021C4F88C100021E166616721685D
:1085200051E8001F226821F0100142E80013F3B166
:10853000216851E8001F226821F0100142E8001371
:10854000002B1FBF216851E8001F226821F0100195
:108550001CBF42E80013002B09D0216851E8001F1E
:10856000226821F0100142E80013002BD7D181B21C
:1085700010E100BF9F22C4F20202914228DC702267
:10858000C4F20202914236D0882231E040F29F428A
:10859000C4F20202914223DC40F27042C4F20202B1
:1085A000914228D040F2884222E000BF4022C4F22B
:1085B000020291421FD058221AE000BF40F240420E
:1085C000C4F20202914216D040F2584210E000BFBD
:1085D000A022C4F2020291420DD0B82208E000BFEE
:1085E00040F2B842C4F20202914204D040F2A042EA
:1085F000C4F2020291424A68B4F85C3091B2002998
:1086000000F0C080994280F0BD80A4F85E20C0696F
:10861000B0F5807F00F0A980206850E8000F216845
:1086200020F4807041E80002F2B1206850E8000FA9
:10863000216820F4807041E80002002A1FBF2068F2
:1086400050E8000F216820F480701CBF41E8000250
:10865000002A09D0206850E8000F216820F48070BB
:1086600041E80002002AD7D1206850E8020F2168B3
:1086700020F0010041E80202F2B1206850E8020F48
:10868000216820F0010041E80202002A1FBF206893
:1086900050E8020F216820F001001CBF41E80202EF
:1086A000002A09D0206850E8020F216820F001005C
:1086B00041E80202002AD7D1206850E8020F216861
:1086C00020F0400041E80202F2B1206850E8020FB9
:1086D000216820F0400041E80202002A1FBF206804
:1086E00050E8020F216820F040001CBF41E8020260
:1086F000002A09D0206850E8020F216820F04000CD
:1087000041E80202002AD7D12020C4F88C000020C2
:10871000E066206850E8000F216820F0100041E872
:108720000002F2B1206850E8000F216820F010002C
:1087300041E80002002A1FBF206850E8000F2168AE
:1087400020F010001CBF41E80002002A09D0206878
:1087500050E8000F216820F0100041E80002002AD4
:10876000D7D1D4F88000F9F747F902202067B4F890
:108770005C00B4F85E10401A81B22046BDE870403B
:10878000FFF78EBB8B427FF4E9ACC069B0F5807F08
:108790007FF4E4AC022020672046BDE87040FFF77C
:1087A0007FBB00000000000010B5E0B10446D0F827
:1087B000880028B9002084F88400204600F028F8BA
:1087C0002420C4F888002068A16A0268002922F0E9
:1087D0000101016002D0204604F046FD204605F06C
:1087E000A3F8012802D1012010BD00BF2068416814
:1087F00021F490414160816821F02A018160016883
:1088000041F0010101602046BDE8104004F09CBD2C
:108810002DE9F043B5B0044602A8B8210025CDE902
:108820003355CDE931553095F7F74FFF44F200410C
:108830002068C4F20001884270D041F20001C4F205
:108840000101884240F0DF800120029002A800264A
:108850000396FCF7B9F908B1F9F766F844F2E0407D
:1088600040F27008C5F60200C4F20208016941F046
:1088700010010161016901F0100101910199016884
:1088800041F001010160006830A900F00100019091
:1088900001984FF4C06030900220CDE931060720E6
:1088A000349000203396C5F60200FBF7E5FD41F257
:1088B000643508F56870C2F200454FF4806728609F
:1088C0002920C5E901062846EE60C5E90476C5E918
:1088D0000666C5E90866FAF79FF808B1F9F724F8C3
:1088E000C4F8805008F56E70AC6341F2DC35C2F21A
:1088F000004528602A2068604020A8600020C5E963
:108900000307C5E90500C5E9070068622846FAF7CC
:1089100083F800284FF0250669D16AE002A8039584
:1089200002250295FCF750F908B1F8F7FDFF44F273
:10893000E04040F27008C5F602000026C4F20208CA
:10894000816841F400318160816801F40031019156
:108950000199016841F0080101600068002100F000
:1089600008000190C5F60201019870203296CDE909
:1089700030050720349001F5406030A93396FBF7AD
:108980007BFD41F254452B20C2F200454FF4806933
:108990004FF48037C5E901062846C5F80080EE602F
:1089A000C5E90496C5E90666C5E90876FAF734F81C
:1089B00008B1F8F7B9FFC4F8805008F11800AC63AB
:1089C00041F2CC45C2F2004505F1080128602C2097
:1089D0006860402081E8410228466E62C5E905666C
:1089E000C5E90767FAF718F84FF0260608B1F8F757
:1089F0009BFF052100223046E567AC63FBF734FF9F
:108A00003046FBF71DFF35B0BDE8F08300000000E5
:108A100070470000000000007047000000000000E8
:108A2000B0B50446D0F88800202831D100294FF095
:108A300001005BD0002A134608BFB0BD21650025A8
:108A4000A4F854302120A4F85630C4F89050C4F84B
:108A50008800E06FF0B14DF2D1424DF6610CC0F6E6
:108A60000002C26422684DF6211E2832C0F6000CB6
:108A7000C0F6000E0565C0E90FCEFAF7FDFA48B161
:108A80001020C4F890002020C4F888000120B0BD58
:108A90000220B0BD206840210162206850E8020F2A
:108AA000216840F0800041E802020AB3206850E8E3
:108AB000020F216840F0800041E80202002A1FBF37
:108AC000206850E8020F216840F080001CBF41E898
:108AD0000202002A0CD0206850E8020F216840F002
:108AE000800041E80202002AD7D10020B0BD00BFBB
:108AF0000020B0BD00000000704700000000000032
:108B00007047000000000000FEE7000000000000C9
:108B100085B0D0F8EC100A68039291ED010A91ED4E
:108B2000021A91ED032A8DED020A8DED011A4FF024
:108B30007E528DED002A9DED033A9DED034A9DED99
:108B4000025A9DED026A25EE065AA3EE045A9DEDE7
:108B5000013A9DED014AA3EE045A9DED003A9DEDC8
:108B6000004A0492A3EE045A9DED044AB1EEC53AC0
:108B700084EE033A8DED043A049A04929DED043A92
:108B800091ED004A23EE043A81ED003A9DED043A5E
:108B900023EE000A81ED010A9DED040A20EE010A90
:108BA00081ED020A9DED040A20EE020A81ED030A1E
:108BB00040F28861C2F200419DED020AD0F8002126
:108BC00091ED6F1A20EE010AB6EE001A20EE010AAE
:108BD00082ED040A9DED010A91ED6F2A20EE020A52
:108BE00020EE010A82ED050A9DED030A91ED6F2A40
:108BF00020EE420A20EE010A82ED0A0A9DED000AEB
:108C000091ED6F2A20EE020A20EE010A82ED0B0A96
:108C10009DED000A91ED6F2A20EE420A20EE010A36
:108C200082ED100A9DED030A91ED6F2A20EE420AB3
:108C300020EE010A82ED110A9DED010A91ED6F2AE5
:108C400020EE020A20EE010A82ED160A9DED020ACC
:108C500091ED6F2A20EE420A20EE010A82ED170AFA
:108C6000D0F8F80091ED740A90ED1C1A81EE002AFC
:108C700090ED230A80ED1C2A91ED741A44F2000154
:108C800080EE010A9FED0A1AC4F21C61B4EE412A7B
:108C9000F1EE10FA80ED230AB4EE410AC8BF016775
:108CA000F1EE10FAC8BFC0F88C1005B0704700BFD5
:108CB00000401C4600000000B0B540F2886401206E
:108CC000C2F2004406210022032384ED6C0AB7EEB1
:108CD000000A20704CF67740C3F22B20C4F8CC0178
:108CE00081FEC00A201D002584F83851C4E9505582
:108CF000C4E95255C4ED6D0A84ED6E1A84ED6F2AF5
:108D000084ED740A00F0E0FF04F5E07004F5E4730C
:108D10000121012206F010FBD4F8EC004FF07E5147
:108D20009022C0E9001548F61131C0E9025548F615
:108D30008950C0F60001C4F8D41049F24121C0F6B0
:108D40000000C4F8D00048F6C950C0F60001C4F8CD
:108D5000DC1040F20111E18541F60061C0F600002F
:108D6000C4F8D800D4F80401C0F60101F7F759FCA3
:108D700040F2BC01D4F8FC00C2F200419022F7F7A7
:108D800050FCB0BD0000000010B50446D0F8F8104B
:108D900040F2BC009022C2F20040F7F742FC40F2E1
:108DA0003860D4F81C11C2F200404822F7F739FCB1
:108DB00040F2F050D4F80C11C2F200404822F7F70C
:108DC00030FC10BD0000000010B584B00446D0F89F
:108DD000EC0090ED000A90ED011A30EE000A90EDE3
:108DE000022A90ED033A8DED030A31EE010A40F2BA
:108DF000D0308DED020A32EE020A8DED010A33EE1B
:108E0000030AC2F200408DED000AA17B0088227B9C
:108E1000484300FB02F1D4F80C01F7F756FC9DED36
:108E2000010AD4F80C01B1EE400A80ED000A009965
:108E300041609DED030A029AB1EE400AC26080EDE6
:108E4000020A019B8261039AC0E90721436202631F
:108E50009DED020A9DED011AB1EE400AC163B1EE2B
:108E6000411A80ED0D0A80ED0E1A04B010BD00000D
:108E7000B0B52DED088B84B040F28864B6EE008A60
:108E8000C2F2004441F60061C0F60101902294ED67
:108E9000583A94ED594A30EE430A94ED5A3A30EE7E
:108EA000C44A84ED5B0A31EE431A84ED5C4A20EE3D
:108EB000085A94ED6F3A24EE080A84ED5D1A21EE0B
:108EC000084AB0EE629A25EE031AB0EE42AA20EEEE
:108ED000030A8DED031A8DED020A24EE030A8DEDCF
:108EE000010AB0EE61BAD4F80401F7F79AFB9DEDE0
:108EF000030AD4F80401B1EE400A9DED021A9DED7B
:108F0000012AB1EE411A80ED010AB1EE420A80ED6C
:108F1000021A039980ED030A019A816102629DEDB4
:108F2000020AB1EE400A029A80ED090A02639DED41
:108F3000010AC163B1EE400A019980ED0D0AC0E952
:108F400012129DED030AB1EE400A80ED140AD4E935
:108F50005201084306D094ED5E2A94ED5F1A94ED19
:108F6000600A09E0B0EE490AB0EE4A1AB0EE4B2AA8
:108F700000200121C4E9521094ED643A94ED6F4A47
:108F800022EE032A002133EE045A002224EE0B6A5B
:108F9000002523EE011A82EE052A86EE056A24EEEC
:108FA0000A7A81EE051A32EE062A87EE056A84ED0A
:108FB0005E2A23EE000A24EE093A36EE011A80EE0C
:108FC000050A84ED5F1A83EE053A21EE014A33EE7D
:108FD000000AA2EE024A84ED600AA0EE004AB1EE59
:108FE000C43AB7EE004A84ED663A84EE030A8DED8A
:108FF000000A9DED000AA06822EE000A80ED000A3A
:1090000094ED5F0A9DED001A20EE010A80ED010A41
:1090100094ED600A9DED001A20EE010A80ED020A2F
:10902000002094ED5C0A94ED5B1A20EE000A94EDAA
:10903000662AA1EE010A94ED5D1AA1EE010A9FEDE8
:10904000791AB1EEC00AB4EE410A9FED771AF1EE3B
:1090500010FAB8BF0120B4EE412A9FED741AF1EE68
:1090600010FAC8BF0121B4EE412AF1EE10FAB8BFE0
:10907000012284ED650A084094ED6C0A94ED6F1AA4
:10908000D4F8181120EE010A104084F8390181ED5E
:10909000000A201D94ED6C0A94ED6F1A20EE010A6F
:1090A00081ED070A94ED6C0A94ED6F1A20EE010A27
:1090B00081ED0E0A94ED6C0A94ED6F1A20EE010A10
:1090C00081ED150A94ED6D0A94ED6F1A20EE010AF8
:1090D00081ED1C0A94ED6D0A94ED6F1A20EE010AE1
:1090E00081ED230AD4F81C11D4F8B8210A60D4F811
:1090F000B8210A61D4F8B8210A6201F055F9606814
:10910000F0EE480A90ED001A84ED541A90ED012A11
:1091100084ED552A90ED023A84ED563A90ED034ADB
:10912000E2EE420A23EE040A04F5D07084ED574AB9
:10913000E3EE430AA1EE020A05F06EFF94ED540A35
:1091400094ED572A94ED561A9FED399A20EE410A74
:1091500094ED551AA1EE020AB8EE001A94ED682AB1
:1091600020EE010A22EE091A84ED681A08F0F6F8DA
:1091700094ED541A94ED572A94ED563A21EE021AC2
:10918000A3EE438A94ED554A20EE090A04F5D47003
:10919000A4EE031A84ED690AA2EE428AB0EE410AF7
:1091A000F0EE480A05F038FF94ED6A0A606820EE98
:1091B000090A94ED761A84ED6A0A9FED1E2A016968
:1091C000C4F8601130EE411A4069C4F86401C4F873
:1091D0006851B4EE421AF1EE10FA03DDB4F8D4018E
:1091E000013809E09FED142AB4F8D401B4EE421A14
:1091F000F1EE10FA02DA0130A4F8D40100B2B0EEB8
:10920000403A01EE100A9FED0D2A84ED760AB8EE81
:10921000C11AA1EE023A84ED6B3A04B0BDEC088BA2
:10922000B0BD00BF9A99993ECDCC1441CDCC24411C
:10923000E12E654200003443000034C30000B44313
:109240002DE9F04F85B000F1780500F18008044663
:109250002846414606F0ACFA274684F8C800B4F820
:10926000780004F1580127F8A80FB4F85A00A4F8C0
:10927000AA0028463A46009106F01EFAA34684F852
:10928000C800388841462BF8B00FB4F88200A4F823
:10929000B20038465A4606F00FFA2146254684F8B1
:1092A000C800584651F8902F45F8A02F2A4606F0DE
:1092B00023F884F8C8002846594606F041F8D4F847
:1092C000EC1084F8C800A2464FF00109D1E9000271
:1092D00004908868C9680392CDE90110B4F8781049
:1092E000A4F8BA902AF8B81FD4F82C019DED030A0F
:1092F0009DED011A9DED042A9DED023A22EE432ACE
:10930000A0EE012A32EE020A80ED000A9DED041A59
:109310009DED032A9DED023A9DED014A23EE043AAC
:10932000B0EEC00AA1EE023A33EE031A80ED011A44
:109330009DED041A9DED042A9DED033A9DED034A2F
:1093400023EE443AA1EE023A9DED021A9DED022A67
:10935000A1EE423A9DED011A9DED012AA1EE023ADD
:1093600080ED023A05F080FF40F28866C2F20046C6
:1093700086ED610AD4F82C0190ED010AB0EEC00A26
:1093800005F072FF86ED620AD4F82C0190ED020A16
:10939000B0EEC00A05F068FF204686ED630A254658
:1093A00030F8481F25F8C01F51462A46A5F80290FC
:1093B00006F0DEF984F8C800288838805846294627
:1093C0003A46A4F8AA9006F077F984F8C8002888ED
:1093D000A4F8BA0028465146AAF8009006F0E8F929
:1093E00084F8C80006F5E0725046394606F064F984
:1093F000B6EE000A84F8C80096ED731A21EE002A32
:1094000096ED720AB4EE420AF1EE10FA08DA86F826
:109410003891B4EE410AF1EE10FA0DDC26E000BFFF
:1094200096F83891B9F1000F18BF4FF00109B4EE6A
:10943000410AF1EE10FA19DDB9F1000F16D0D6E9A4
:10944000502196F83901013241F10001002804BF92
:1094500002460146B2F1330071F10000C6E9502125
:10946000C0F01A81002086F838011DE09FED993A7E
:1094700031EE402A21EE033A9FED954A21EE041A7F
:10948000B9F1000F4FF0000082EE032AB7EE003A68
:10949000B4EE410AC6E9500003FE022AF1EE10FACA
:1094A00032FE030A86ED670A002084F82C00B4F827
:1094B00058004146A4F8A800B4F88200A4F8AA0015
:1094C00000983A4606F0F8F804F1980884F8C800C5
:1094D00038465946424606F0EFF8B4F898C084F88A
:1094E000C800B4F89A20D4F81C0102FB0CF2E2B3D5
:1094F0000027002300EB870143F00107FFB296ED40
:10950000670A91ED001ABA4220EE010A81ED000AC5
:109510002BD900EB870143F00207FFB296ED670AF3
:1095200091ED001ABA4220EE010A81ED000A1CD921
:1095300000EB870143F00307FFB296ED670A91ED58
:10954000001ABA4220EE010A81ED000A0DD900EBA3
:1095500087010433DFB296ED670A91ED001ABA4233
:1095600020EE010A81ED000AC4D896ED610A9FED54
:109570005A1A80EE010A90ED0C2A2946524620EE36
:10958000020A90ED0D2A80ED0C0A96ED610A80EE3C
:10959000010A20EE020A90ED0E2A80ED0D0A96EDEA
:1095A000610A80EE010A20EE020A90ED0F2A80ED9A
:1095B0000E0A96ED620A80EE010A20EE020A90ED94
:1095C000102A80ED0F0A96ED620A80EE010A20EE65
:1095D000020A80ED100A96ED620A80EE010A90ED13
:1095E000111A20EE010A80ED110A0120A4F8BA0038
:1095F0004046A4F8B8C006F05FF884F8C80096F8B2
:1096000038010028D4F8BC0037D096ED6F0A9FEDE2
:10961000331A20EE012A90ED043AB4EE423AF1EE0C
:1096200010FA05DDB0EE423A80ED042A96ED6F0A9D
:109630009FED2B2A20EE024AB4EE443AF1EE10FAE6
:10964000BCBF80ED044A96ED6F0A20EE013A90ED22
:10965000051AB4EE431AF1EE10FA05DDB0EE431A26
:1096600080ED053A96ED6F0A20EE020AB4EE401A3C
:10967000F1EE10FAB8BF80ED050A0021C16004F1D7
:10968000380004F13002514605F036FE84F8C80077
:1096900005B0BDE8F08F00BF40F2D035217BC2F2AB
:1096A0000045288801FB00F2D4E93A01F6F7B9FF3A
:1096B0002888217B484300FB01F2D4E93E01F6F7FC
:1096C000B0FF012084F82C0005B0BDE8F08F00BF8A
:1096D000CDCCCC3D6666663FDA0FC93F0AD7233C46
:1096E0000AD723BC0000000010B540F20844C2F2C3
:1096F000004404F12C0004F1380104F14402F7F7AE
:10970000B3FB607868B9DFED551A0120607004F191
:109710003800B0EE612AF0EE612A90EC030A01F005
:1097200067FC2078012849D0022865D194ED0D0A04
:109730009FED4D1A30EE011A94ED0B0A9FED483A59
:1097400094ED0C2A30EE030A9FED463AB0EEC14A82
:109750004BF6172072EE030A9FED442AC3F69330AE
:1097600049F6E061B4EE442A9FED3C2AF1EE10FA8E
:10977000206143F6F76032FE011AD4ED0E1A94ED23
:109780000F2AD4ED102ACBF60A21CBF60130616105
:10979000A06184ED0B0AC4ED0C0A84ED0D1AFFF7ED
:1097A00067FBF8F711F984ED130AF8F715F984ED62
:1097B000120AF8F719F984ED140A1DE094ED040A71
:1097C00094ED0B3A94ED051A94ED062A94ED0C4AAB
:1097D00033EE000A94ED0D3A34EE011A606833EE70
:1097E000022A013084ED040A84ED051A84ED062A6C
:1097F000606001D202202070A0684CF6CD41CCF60A
:10980000CC4149F699124143C1F699124FEA7101D0
:10981000914203D90130A06010BD00BF40F24C114D
:1098200094ED110AC2F2004191ED001A30EE410AA6
:10983000B3EE0E1AB0EEC00AB4EE410AF1EE10FA21
:10984000E8DA21780029E5D1E1680131E1600229F7
:10985000E0D3012121700130A06010BD00000000A4
:1098600017BA93BBE09E0A3AF73E013BA69B443BE6
:1098700040F28820C2F2004090F872007047000069
:1098800040F2D440C2F2004000897047000000005E
:1098900080B541F690004AF25821C2F20040C2F26F
:1098A00001414FF4C062FEF7AFFA41F2643040F27A
:1098B0000F41C2F20040C4F20201006888426FF01A
:1098C000080111DC6F22C4F20202904222DC3F2226
:1098D000C4F20202904239DC1022C4F20202904229
:1098E0005CD0282254E000BF40F26F42C4F2020272
:1098F00090421BDC40F23F42C4F2020290422DDC57
:1099000040F21042C4F20202904247D040F2284294
:109910003EE000BF9F22C4F20202904228DC702287
:10992000C4F20202904239D0882231E040F29F42D4
:10993000C4F20202904223DC40F27042C4F20202FE
:1099400090422BD040F2884222E000BF4022C4F275
:109950000202904222D058221AE000BF40F2404258
:10996000C4F20202904219D040F2584210E000BF07
:10997000A022C4F20202904210D0B82208E000BF38
:1099800040F2A042C4F20202904207D040F2B84234
:10999000C4F20202904218BF6FF004010268114045
:1099A000016080BD0000000000283BD070B540F28F
:1099B00088250446C2F20045007928772068A8610E
:1099C0002078A52840F0DB800521204604F0A8FE81
:1099D000012829D1607800F10901204604F0ECFD4E
:1099E000012821D1B4F80500B0F5827F1EDBA0F27A
:1099F00001210C292ED8DFE801F0075D6F79AE81D7
:109A0000859199AEAEAEA100E07C05F1680385F8C2
:109A10007400D4F80700D4F80B10D4F80F2007C353
:109A200099E000BF0120704700269EE0022807DC75
:109A300001281DD0022804BFE07968708BE000BFC8
:109A4000032821D040F20111884204BFD4F8070056
:109A5000286180E0B0F5827F78D040F2051188421D
:109A600079D1607AE872B4F80700A5F8090072E0CD
:109A7000D4F80700D4F80B10D4F80E20C5F85720FE
:109A8000C5E9140167E000BF40F2D443D4F80700F1
:109A9000C2F20043D4F80B10D4F80F20D4F81360AE
:109AA000C3F81A60C3F81620C3F81210C3F80E00EA
:109AB00051E000BF40F2D441B4F81300C2F20041BB
:109AC0008881D4F807000860D4F80B004860D4F807
:109AD0000F0088603FE000BFD4F80700D4F80B10F7
:109AE000D4F80F206A662966E86534E0D4F80700E8
:109AF000D4F80B10C5E910012DE000BFE079A87083
:109B000029E000BFD4F80700D4F80A10C5F83110D6
:109B1000A988C5F82E00481CA8801CE0B4F80B00EA
:109B2000A5F84C00D4F80700A86414E0E07A85F8A2
:109B30002400D4F8070028620DE000BFB4F80B0041
:109B4000A885D4F80700A86205E000BF607A2872F3
:109B5000B4F80700E880B5F81900204410F8091F90
:109B6000A52901D1FFF720FF0126B5F819002044EF
:109B700010F8091FA52905D1FFF716FF26B9002007
:109B8000287070BD002EFAD00120287070BD000032
:109B900010B54AF25824C2F201442046FFF704FFF0
:109BA0004FF4C0612046F6F790FD10BD00000000A4
:109BB00080B541F690004AF25821C2F20040C2F24C
:109BC00001414FF4C062FEF71FF941F2643040F2E8
:109BD0000F41C2F20040C4F20201006888426FF0F7
:109BE000080111DC6F22C4F20202904222DC3F2203
:109BF000C4F20202904239DC1022C4F20202904206
:109C00005CD0282254E000BF40F26F42C4F202024E
:109C100090421BDC40F23F42C4F2020290422DDC33
:109C200040F21042C4F20202904247D040F2284271
:109C30003EE000BF9F22C4F20202904228DC702264
:109C4000C4F20202904239D0882231E040F29F42B1
:109C5000C4F20202904223DC40F27042C4F20202DB
:109C600090422BD040F2884222E000BF4022C4F252
:109C70000202904222D058221AE000BF40F2404235
:109C8000C4F20202904219D040F2584210E000BFE4
:109C9000A022C4F20202904210D0B82208E000BF15
:109CA00040F2A042C4F20202904207D040F2B84211
:109CB000C4F20202904218BF6FF004010268114022
:109CC000016080BD000000002DE9F04740F2D03770
:109CD0000446C2F2004704260173C0F2080642732C
:109CE000894683730020207418463E6090469A4649
:109CF00006F03EFB51466061F6F7C5FC388800FB74
:109D00000AF006F035FB3988A06101FB0AF1F6F78D
:109D1000DCFC388800FB0AF006F02AFB3988E06199
:109D200001FB0AF1F6F7D1FC388800FB09F006F0D8
:109D30001FFB3988206201FB09F1F6F7C6FC50468B
:109D400006F016FB51466062F6F79DFC388800FB72
:109D500009F006F00DFB3988206001FB09F1F6F7E8
:109D6000B4FC388800FB0AF006F002FB398860601A
:109D700001FB0AF1F6F7A9FC388800FB08F006F0B1
:109D8000F7FA3988A06001FB08F1F6F79EFC3888E5
:109D900000FB09F006F0ECFA3988C4F8E80001FB92
:109DA00009F1F6F792FC217B04F13000D4F8E83099
:109DB000012205F0C1FA388800FB09F006F0D8FA54
:109DC0003988C4F8EC0001FB09F1F6F77EFC217B31
:109DD00004F13800D4F8EC30012205F0ADFAB8F106
:109DE000000F13D0388800FB08F006F0C1FA39885C
:109DF000C4F8F00001FB08F1F6F767FC617B04F1A1
:109E00004000D4F8F030012205F096FA388800FBC3
:109E10000AF006F0ADFA3988C4F8F40001FB0AF143
:109E2000F6F753FCA17B04F14800D4F8F43001228A
:109E300005F082FA388809FB09F6704306F098FAB3
:109E40003988C4F8F8007143F6F73FFC217B04F130
:109E50005000D4F8F8300A4605F06EFA388870439E
:109E600006F086FA3988C4F8FC007143F6F72DFC39
:109E7000217B04F15800D4F8FC300A4605F05CFA66
:109E80003888704306F074FA3988C4F800017143C9
:109E9000084606F06DFA3988C4F80401D4F80001C8
:109EA0007143F6F712FC388806FB00F1D4F8040180
:109EB000F6F70BFC217B04F16000D4F800310A4670
:109EC00005F03AFA217B04F16800D4F804310A461F
:109ED00005F032FAB8F1000F13D0388808FB09F505
:109EE000684306F045FA3988C4F808016943F6F773
:109EF000ECFB217B04F17000627BD4F8083105F0A3
:109F00001BFA38880AFB09F5684306F031FA3988EC
:109F1000C4F80C016943084606F02AFA3988C4F8E7
:109F20001001D4F80C016943F6F7CFFB388805FB24
:109F300000F1D4F81001F6F7C8FB227B04F1780099
:109F4000A17BD4F80C3105F0F7F9217B04F18000F6
:109F5000A27BD4F8103105F0EFF93888704306F091
:109F600007FA3988C4F814017143F6F7AEFB217B78
:109F700004F18800D4F814310A4605F0DDF9388878
:109F80000AFB0AF6704306F0F3F93988C4F81801A1
:109F90007143F6F79AFBA17B04F19000D4F81831D5
:109FA0000A4605F0C9F93888684306F0E1F93988AE
:109FB000C4F81C016943F6F788FB217B04F1980083
:109FC000A27BD4F81C3105F0B7F93888217B4843CF
:109FD000484306F0CDF93988227BC4F8200151436B
:109FE0005143F6F772FB3888217B4843484306F01B
:109FF000BFF93988227BC4F8240151435143F6F755
:10A0000064FB3888217B4843484306F0B1F939881E
:10A01000227BC4F8280151435143F6F756FB388898
:10A02000217B484306F0A4F93988227BC4F82C012F
:10A030005143F6F74AFB3888217B484306F098F9EC
:10A040003988227BC4F83001D4F82C015143F6F74B
:10A050003CFB217B04F1A000D4F820310A4605F036
:10A060006BF9217B04F1A800D4F824310A4605F0ED
:10A0700063F9217B04F1B000D4F828310A4605F0D9
:10A080005BF9217B04F1B800D4F82C31012205F0F2
:10A0900053F9217B04F1C000D4F83031012205F0DE
:10A0A0004BF9002084F82C00A062BDE8F087000086
:10A0B0002DE9F04F85B00446C07B40F2D035002832
:10A0C000C2F2004562D02888A17B0022227401FBE5
:10A0D00000F2D4F8F4006168F6F7A3FA2888A17BAF
:10A0E00041436068F6F7F1FA2888A17B4843414371
:10A0F000D4F81801F6F7E9FA2888217BA27B4843B7
:10A1000000FB02F1D4F80C01F6F7DFFAA27B5AB398
:10A110000020002104E000BF01310430914223D22D
:10A12000D4F8F4301F1897ED000AB5EE400AF1EEAE
:10A1300010FAF1D0227C676A03EB820383ED000AF8
:10A14000B9546269277C237BA669525C17FB032202
:10A15000D4F80C31365803EB8203A27B43F8046C2D
:10A160007B1C2374D8E700BF207C002800F09D8072
:10A17000421EE169636A032AD4F8189100F00307CC
:10A1800014D20022002F73D18FE000BF2888A17B5A
:10A1900001FB00F2D4F8F4006168F6F742FA28886F
:10A1A000A17B41436068F6F790FA91E000F0FC0271
:10A1B00003F1010C5242049208226FF0030602EBF5
:10A1C000C008102202EB001B0393042200EB4003A3
:10A1D0000CEB060E019702EB80070C2202EB830AC0
:10A1E0009EF803204B46029351F82220C9F8002024
:10A1F0009EF8042051F8222049F807209EF80520F7
:10A2000051F82290321D43F80890049E06EB020993
:10A210009EF806E019F1040699461CD00CEB0206E4
:10A2200051F82E5049F80A50D944F5780432049B6D
:10A23000134451F82550C9F800503579043351F8CA
:10A24000255049F80750757951F8255049F80850BC
:10A2500096F806E0E2D140F2D03551F82E3049F8B8
:10A260000A300432C2F20045039BDDE90179E7B10F
:10A2700000F1010C9E5C02FB0CFE012F51F82660E0
:10A2800049F82E6011D0561C022F06FB0CFE9E5D75
:10A2900051F8267049F82E7007D0023202FB0CF7F5
:10A2A0009A5C51F8221049F82710217BA4F8780015
:10A2B000A4F87A10A4F88010A4F88200A4F8900002
:10A2C000A4F89200A4F89810A4F89A00A4F8480002
:10A2D0002888617B01FB00F2D4F8F000A168F6F752
:10A2E000A0F905B0BDE8F08F2DE9F04381B0044638
:10A2F00090F82A0010B101B0BDE8F08304F17805B0
:10A3000004F180092846494605F052FA264684F8A9
:10A31000C800B4F8780004F1580826F8A80FB4F87B
:10A320005A00A4F8AA0028464146324605F0C4F96E
:10A33000274684F8C8003088494627F8B00FB4F89B
:10A340008200A4F8B20030463A4605F0B5F921463D
:10A35000254684F8C800384651F8902F45F8A02FBC
:10A360002A4604F0C9FF84F8C8002846394604F09C
:10A37000E7FF84F8C800B4F858003080B4F88200D1
:10A38000A4F8AA0040464946324605F095F984F8FB
:10A39000C800A5F108023046394605F08DF984F869
:10A3A000C80001B0BDE8F0832DE9F04F81B08346CD
:10A3B000FFF77EFEDBF8CC1009B1584688479BF8C2
:10A3C000280048BB9BF80D00002800F0B5815D46D1
:10A3D0009BF80C000BF13001012425F8B80F0BF1AC
:10A3E00060002A46ABF8BA4005F066F95E469BF875
:10A3F0000C1026F8C01FA6F180013072A6F15000A3
:10A400003246748005F058F93072A6F18802284669
:10A41000314604F071FF3072DBF8D01009B15846B4
:10A4200088479BF8290050BB0BF160050BF16806CB
:10A430002846314605F0BCF90BF158078BF8C800E7
:10A440000BF1500128463A4605F036F95D46BBF857
:10A4500058108BF8C80025F8A81F314635F83E0C77
:10A460002A466880384605F027F98BF8C800A5F120
:10A47000200128463A4604F03FFF8BF8C800DBF87D
:10A48000D41009B1584688479BF8100040F2D034E8
:10A49000C2F20044002800F087805846FFF724FFEE
:10A4A000DBF8D81009B1584688479BF82B00A8BBA9
:10A4B00058465D460BF13808A14630F8781F012454
:10A4C00025F8B81F41462A46ABF8BA4005F0F4F823
:10A4D0008BF8C80058465F46ABF8C24030F8481FBA
:10A4E00027F8C01F29463A4605F042F95E468BF828
:10A4F000C80039462A4636F8980FABF8BA4028808B
:10A5000030464C4605F0D8F88BF8C800A6F1680232
:10A510004046294604F0F0FE8BF8C800DBF8DC105A
:10A5200009B1584688479BF82C0030BB58465D4619
:10A5300030F8982F25F8A82F2E4635F82E3CA5F197
:10A54000300126F8082F35F84E2C6A812A466B8098
:10A55000A5F1500705F0B0F885F8200028463946E7
:10A56000324605F0A9F885F82000A5F158023846D2
:10A57000314605F0FDF885F82000DBF8E01009B160
:10A58000584688479BF80CA0BAF1000F2AD0AAF1D0
:10A590000100DBF820200328DBF8F8E00AF00308CC
:10A5A000009223D200276AE09BF80F0000283FF4B6
:10A5B00074AF20889BF80C1001FB00F2DBE93A0134
:10A5C000F6F72FF820889BF80C10484300FB01F2A7
:10A5D000DBE93E01F6F725F8DBF8E0100029CFD1E2
:10A5E000D0E700BF4FF0000A92E000BF08200AEB5E
:10A5F0004A0400EBCA05102000EB0A11042000EB0E
:10A600008A030C200AF0FC0C083200EB84000027BF
:10A61000744600BF94ED001A12ED020A04EB030920
:10A62000B4EE401AF1EE10FAB8BF84ED000A99EDCD
:10A63000001A12ED010A6619B4EE401AF1EE10FA92
:10A64000B8BF89ED000A96ED001A92ED000AB4EE4B
:10A65000401A0437F1EE10FAB8BF86ED000A26184A
:10A6600092ED010A0C44103296ED001AB4EE401A35
:10A67000F1EE10FAB8BF86ED000ABC45CAD1B8F1B8
:10A68000000F41D00AF10100009B00FB07F140F2EE
:10A69000D03403EB8702C2F200440EEB810192ED4D
:10A6A000000A91ED001AB4EE401AF1EE10FAB8BFAC
:10A6B00081ED000AB8F1010F2AD07A1C00FB02F1EB
:10A6C00003EB82020EEB810192ED000A91ED001A7C
:10A6D000B4EE401AF1EE10FAB8BF81ED000AB8F1FD
:10A6E000020F15D0B91C484303EB81010EEB80002B
:10A6F00091ED000A90ED001AB4EE401AF1EE10FA56
:10A70000B8BF80ED000A03E040F2D034C2F200444A
:10A710002088DBF8E8100AFB00F2DBF80000F5F710
:10A7200080FFDBF8E41009B158468847DBF80000E9
:10A7300001B0BDE8F08F00BF0BF160000BF13001FC
:10A740000BF1380204F0B8FF8BF8C800DBF8D0102A
:10A7500000297FF464AE64E680B582B044F2D8404C
:10A760000022C5F60200016841F0010101600168A4
:10A7700001F0010101910199016841F002010160BC
:10A780000068052100F00200009000980B20FAF705
:10A790006BF80B20FAF754F80C2005210022FAF789
:10A7A00063F80C20FAF74CF80D2005210022FAF787
:10A7B0005BF80D20FAF744F80F2005210022FAF784
:10A7C00053F80F20FAF73CF8102005210022FAF781
:10A7D0004BF81020FAF734F8382005210022FAF758
:10A7E00043F83820FAF72CF8392005210022FAF72F
:10A7F0003BF8392002B0BDE88040FAF721B80000EC
:10A8000080B541F244504AF20001C2F20040C4F265
:10A8100000014FF0000C032201600D23C0E902CCBF
:10A82000C0F80FC008214261142282611D22C2615A
:10A830000A2202620122426202228262C0E90B32D3
:10A84000C0F834C00423C0E90E33C0E91013C0E9D6
:10A850001213C0E91423C0E9161120218366C0E950
:10A86000181CF9F741FA002808BF80BDBDE88040F8
:10A87000F7F75AB80000000080B541F2E4504AF200
:10A880000041C2F20040C4F200014FF0030C142357
:10A8900001600021C0E90211C0F80F100222C0F8C7
:10A8A00014C083611D23C3610A2303620123436231
:10A8B00082620D22C0E90B2340F206424263042269
:10A8C0000823C0E90E22C0E91032C0E91232C0E903
:10A8D00014C2C0E91633C0E918318266F9F704FAE8
:10A8E000002808BF80BDBDE88040F7F71DB8000014
:10A8F00080B541F284604DF20041C2F200401D2259
:10A9000000F11C0EC4F2000101600021C0E9021137
:10A91000C0F80F104FF0030CC0F814C00A23836175
:10A920008EE80C10C0E90A32036340F6120242635B
:10A930000122C0E90E2104228266C0E91022C0E98A
:10A940001212C0E91412C0E91611C0E91821F9F772
:10A95000CBF9002808BF80BDBDE88040F6F7E4BF12
:10A9600010B5C6B041F6C840C0F6010001683F917D
:10A970004168409181684191C16842910169439168
:10A9800041694491806945903FA8002105F0D4FABF
:10A9900040F2C014C2F20044206041F67440C0F698
:10A9A0000100016838914168399181683A91C16824
:10A9B0003B9101693C9141693D9180693E9038A885
:10A9C000002105F0B9FA606041F69040C0F6010040
:10A9D000016831914168329181683391C168349145
:10A9E00001693591416936918069379031A800211C
:10A9F00005F0A2FAA06041F65840C0F601000168D7
:10AA00002A9141682B9181682C91C1682D9101692F
:10AA10002E9141692F91806930902AA8002105F07C
:10AA20008BFAE06041F6AC40C0F60100016823916A
:10AA30004168249181682591C16826910169279117
:10AA4000416928918069299023A8002105F074FAB2
:10AA5000206133A032491C9141681D9181681E918B
:10AA6000C1681F91016920914169219180692290FB
:10AA70001CA8002105F060FA606130A02F491591F3
:10AA80004168169181681791C168189101691991FF
:10AA900041691A9180691B9015A8002105F04CFAB4
:10AAA000A0612DA02C490E9141680F9181681091F1
:10AAB000C1681191016912914169139180691490E3
:10AAC0000EA8002105F038FAE0612AA02949079173
:10AAD0004168089181680991C1680A9101690B91E7
:10AAE00041690C9180690D9007A8002105F024FAB6
:10AAF000206227A026490091416801918168029156
:10AB0000C1680391016904914169059180690690CA
:10AB10006846002105F010FA606246B010BD00BF23
:10AB20002327010891B50008030000000000000081
:10AB3000800000000000000000000000FC2601086A
:10AB4000A9B300080200000000000000000200009D
:10AB500000000000000000004E27010829BC00088A
:10AB60000000000000000000800000000000000065
:10AB7000000000001027010831B8000800000000A4
:10AB800000000000000100000000000000000000C4
:10AB90003727010819B50008000000000000000078
:10ABA00000010000000000000000000000000000A4
:10ABB000F0B587B044F2E0400025C5F602000695E6
:10ABC00040F6000401220168C5F6020441F080014C
:10ABD00001600168092601F0800101910199016875
:10ABE00041F0040101600168012701F004010191B5
:10ABF0000199016841F001010160016801F0010162
:10AC000001910199016841F002010160016801F0C0
:10AC1000020101910199016841F008010160006899
:10AC2000092100F00800019001982046F9F7FCFC8A
:10AC30000320059002A92046CDE902670495F9F7A3
:10AC40001BFC4FF000600021FBF71AFF07B0F0BDBE
:10AC500010B541F2247443F60000C2F20044C4F27D
:10AC60000000072120604FF4800060600020A06099
:10AC7000E1604FF0007121614FF0807161614FF030
:10AC80008061A1614FF08041C4E90710C4E9090067
:10AC9000E06204F1380061632421F5F716FD2046D7
:10ACA000FBF756FB002808BF10BDBDE81040F6F7C3
:10ACB0003BBE000000000000B0B590B041F2AC70A7
:10ACC00041F60005C2F2004000240994C4F20005D8
:10ACD000CDE90644CDE904440560EF21C0E9011443
:10ACE00040F2E7318461C0E90314FCF755FC08B178
:10ACF000F6F71AFE41F2AC7008A9C2F200400894BF
:10AD00000A94FBF7D5FE08B1F6F70EFE41F2AC74DB
:10AD10006020C2F20044019000200590CDE90200BD
:10AD200001A904222046FCF7D7F908B1F6F7FCFD8B
:10AD30002068A84218D040F20041C4F200018842C5
:10AD400031D144F2E0408022C5F60200016841F0B2
:10AD5000010101600068032100F001000B900B98D5
:10AD60000020C5F6020014E044F2E0404FF4004237
:10AD7000C5F60200016841F002010160006800F0C0
:10AD800002000B9000200B99C5F60200002100F58F
:10AD9000806000230B92CDE90D310BA902220C92A9
:10ADA0000F92F9F769FB10B0B0BD00000000000081
:10ADB000B0B594B041F6440040F20045C2F2004004
:10ADC00000210E91C4F20005CDE90C11CDE9091165
:10ADD000CDE90711CDE90511CDE90311CDE9011147
:10ADE00005600222C0E9012163228161C0E90321DB
:10ADF000FBF7CEFE08B1F6F797FD4FF480500B90AD
:10AE000041F644000BA9C2F20040FBF7A1FF08B1D4
:10AE1000F6F78AFD41F64400C2F20040FCF7BCFBA5
:10AE200008B1F6F781FD41F6440008A9C2F20040DE
:10AE3000002408940A94FBF73BFE08B1F6F774FD72
:10AE400060200394CDE90104059441F64404C2F264
:10AE5000004401A904222046FCF73EF908B1F6F7A8
:10AE600063FD41F600012068C4F20001884215D05C
:10AE7000A84232D144F2E0408022C5F602000168C7
:10AE800041F0010101600068032100F001000F9012
:10AE90000F980020C5F6020015E000BF44F2E04024
:10AEA0004FF40042C5F60200016841F00201016062
:10AEB000006800F002000F9000200F99C5F6020014
:10AEC000002100F5806000230F92CDE911310FA918
:10AED000022210921392F9F7CFFA14B0B0BD00001D
:10AEE00080B541F6900041F20001C2F20040C4F288
:10AEF00001010C2201604FF4E13141600021C0E901
:10AF000002110161C0E90521C0E90711C0E9091179
:10AF1000FDF74AFC08B1F6F707FD41F69000002165
:10AF2000C2F20040FDF734F808B1F6F7FDFC41F637
:10AF300090000021C2F20040FCF7E2FF08B1F6F7F2
:10AF4000F3FC41F69000C2F20040FCF741FF0028FC
:10AF500008BF80BDBDE88040F6F7E6BC00000000F9
:10AF600080B541F6241044F20041C2F2004048F29C
:10AF70008042C4F20001C0F21E02C0E900124FF488
:10AF8000805181600021C1604FF4806202610C2217
:10AF90000023C0E90521C0E90711C0E9091100211A
:10AFA0000022FBF765F808B1F6F7BEFC41F6241065
:10AFB0000021C2F20040FCF7EBFF08B1F6F7B4FC49
:10AFC00041F624100021C2F20040FCF799FF08B1BD
:10AFD000F6F7AAFC41F62410C2F20040FCF7F8FE96
:10AFE000002808BF80BDBDE88040F6F79DBC00008A
:10AFF00080B52DED108B82B020EEA03A4FF07E5040
:10B000000090B0EE61AA9DED004AB0EE629AA0EE0B
:10B01000003AB0EE428AF5EE401AF1EE10FAA1EED7
:10B02000013AB1EEC33A84EE033A8DED003A9DED5C
:10B03000003A23EE20CA23EE01DA22D0B5EE408A90
:10B04000F1EE10FA1CBFB5EE409AF1EE10FA18D0EE
:10B0500028EE081A4FF07E5001909DED012AAAEECD
:10B060000A1AA9EE091AB1EEC11A82EE011A8DED83
:10B07000011A9DED011A21EE0AAA21EE088A21EE9D
:10B08000099A23EE400AF0EE4D0A06F0FDF9B0EE03
:10B0900040BAB0EE4C0AF0EE4D0A06F0F5F9B0EE0B
:10B0A00040CA06F0EFFBB0EE40EAB0EE4C0A06F004
:10B0B00041FBB0EE40FAB0EE4B0A06F03BFBF0EE7F
:10B0C000408AB0EE4B0A06F0DDFBB5EE40AA9FEDDC
:10B0D00050DAF1EE10FA1DD0B5EE408AF1EE10FA1A
:10B0E0001CBFB5EE409AF1EE10FA13D028EE001A0C
:10B0F0006EEE010A29EE001A29EE4E0AEAEE280A3F
:10B1000098EE4F0AE1EE0F0A06F0BEF9B6EE001A0D
:10B1100020EE01DAB6EE009A2CEE098AB0EE480A6B
:10B1200006F008FB2BEE099AB0EE40AAB0EE490AF1
:10B1300006F000FBB0EE40BAB0EE4D0A06F0FAFAA7
:10B14000B0EE40CAB0EE480A06F09CFBB0EE408A72
:10B15000B0EE490A06F096FBB0EE409AB0EE4D0A0A
:10B1600006F090FB2AEE091A45F6DF1128EE092AAF
:10B17000C5F637712BEE083AB7EE087A21EE404A51
:10B180002AEE0B5A22EE006AF0EE470AA3EE0C4AB2
:10B1900023EE003AA5EE0C6A22EE4C2AA1EE0C3A00
:10B1A00024EE041AA5EE002ABEEE000AA6EE061A48
:10B1B000A3EE031AA2EE021A11EE100A21EE000A03
:10B1C000A1EB600005EE100A40F2D430C2F200405C
:10B1D00020EE051AE1EE050A20EE851A20EE010A9E
:10B1E000A0EE017A21EE070A26EE001A24EE004AAC
:10B1F00080ED021A23EE001A80ED034A22EE000AC7
:10B2000080ED041A80ED050A02B0BDEC108B80BD04
:10B210000000000000000000B7EE001A40F2D43039
:10B22000C2F2004000214FF07E5281EE000A4160E0
:10B23000C0E90221C0E904118161C0E90711017070
:10B2400080ED090A70470000FEE7000000000000E2
:10B2500090ED102A90ED110A30EE421A9FED113A4E
:10B26000B4EE431AF1EE10FA06DA9FED111A31EE40
:10B27000421A30EE011A0CE09FED0B3AB4EE431A7D
:10B28000F1EE10FA05DD9FED091A30EE011A31EEEC
:10B29000421A90ED0F2A80ED100A31EE021A80ED6D
:10B2A0000F1A7047000034C3000034430000B4C3D9
:10B2B0000000B4430000000090ED110A9FED091A50
:10B2C00030EE011A9FED082AB4EE420A80ED100A12
:10B2D000F1EE10FA4FF00001816431FE001A80EDAA
:10B2E0000F1A70470000B4C3000034430000000090
:10B2F000FEE700000000000084B040F2777041F6E5
:10B30000B814C0F29600019040F2BC30C2F2004482
:10B3100001A9C0F2960002904FF0167003902046EB
:10B320000D1D01F1080600F047FF2046294600F0F8
:10B3300043FF2046314600F03FFF40F2CC10002191
:10B34000C2F2004002220023006805F001FE41F233
:10B35000AC75C2F200450BE004212846FCF7F8FB6F
:10B3600001204FF0FF3105F023F9142004F0D4FD43
:10B37000204600F05DFF0028EED1204600F004FFDB
:10B380000646078804212846FCF7E2FB47B12868F7
:10B390007908C762EF60816304212846FCF76CF9E5
:10B3A000708804F0B9FDE0E7F5F7C2FB40F26046B3
:10B3B00041F624184AF6580541F2544940F20F4428
:10B3C00040F2D41BC2F200460027C2F20048C2F28B
:10B3D0000145C2F20049C4F202044FF0010AC2F270
:10B3E000004B02E0012004F097FDB068C72800F18F
:10B3F0000100B060C0F280807068B7600A287AD817
:10B400004FF4807240462946FCF7FEFCD9F8000054
:10B410006FF00801A04211DC6F22C4F202029042D8
:10B4200022DC3F22C4F20202904239DC1022C4F234
:10B43000020290425CD0282254E000BF40F26F42EA
:10B44000C4F2020290421BDC40F23F42C4F202020C
:10B4500090422DDC40F21042C4F20202904247D0EA
:10B4600040F228423EE000BF9F22C4F20202904216
:10B4700028DC7022C4F20202904239D0882231E0E6
:10B4800040F29F42C4F20202904223DC40F270423A
:10B49000C4F2020290422BD040F2884222E000BF68
:10B4A0004022C4F20202904222D058221AE000BF89
:10B4B00040F24042C4F20202904219D040F2584297
:10B4C00010E000BFA022C4F20202904210D0B822C5
:10B4D00008E000BF40F2A042C4F20202904207D04E
:10B4E00040F2B842C4F20202904218BF6FF0040169
:10B4F0000268114001607760707801287FF472AFB4
:10B5000086F802A0F5F7A0FBDBF8000004F044FD8C
:10B5100068E700000000000040F6F87541F62438A6
:10B520004FF4FA60C2F20045C2F2004801E000BFE9
:10B530000A2004F0F1FC0027F9F77EF8044604E045
:10B54000002014373072F02FF2D0EE19E9597068EC
:10B55000201A884204D9F06840B180470120F0E702
:10B5600030690028ECD08047EAE700BFC82F06D139
:10B57000D8F800000130C8F80000032802D20120EA
:10B58000DFE700BFF5F7D4FA0120DAE7000000009A
:10B5900082B040F2D410C2F20040006804F018FDFE
:10B5A00041F2445041F2E455C2F20040C2F200457B
:10B5B0000022012600680027816921F001018161D4
:10B5C0000121284604F05CFB0A20F7F729FF02213D
:10B5D0000022284604F054FB0A20F7F721FF03213C
:10B5E0000022284604F04CFB0A20F7F719FF04213B
:10B5F0000022284604F044FB0A20F7F711FF05213A
:10B600000022284604F03CFB0A20F7F709FF41F22C
:10B61000846941F6241A4AF6580441F2544B40F228
:10B620000F48C2F20049C2F2004AC2F20144C2F21B
:10B63000004BC4F2020808E0C4F20202904218BFB4
:10B640006FF0040102681140016041F244504FF470
:10B65000007100220023C2F200400097019702F01F
:10B6600087FF0120F7F7DCFE01210022284604F0C5
:10B6700007FB0A20F7F7D4FE02210022284604F037
:10B68000FFFA0A20F7F7CCFE03210022284604F037
:10B69000F7FA0A20F7F7C4FE04210022284604F036
:10B6A000EFFA0A20F7F7BCFE05210022484604F015
:10B6B000E7FA0A20F7F7B4FE40F26140C2F2004018
:10B6C0000078012840F26240C2F20040067003D0C8
:10B6D00086F31388F9F708F90020322100220023AD
:10B6E00003F086F84B20F7F79BFE00200021002294
:10B6F000002303F07DF84B20F7F792FE4FF48072A1
:10B7000050462146FCF780FBDBF800006FF0080193
:10B71000404511DC6F22C4F20202904222DC3F223B
:10B72000C4F2020290423BDC1022C4F202029042B8
:10B7300088D0282280E700BF40F26F42C4F20202A4
:10B7400090421DDC40F23F42C4F2020290422FDCE4
:10B7500040F21042C4F2020290423FF473AF40F252
:10B76000284269E79F22C4F2020290422ADC70223A
:10B77000C4F2020290423FF465AF88225CE700BF4A
:10B7800040F29F42C4F20202904223DC40F2704237
:10B79000C4F2020290423FF455AF40F288424BE7B8
:10B7A0004022C4F2020290423FF44CAF582243E7D9
:10B7B00040F24042C4F2020290423FF443AF40F2F2
:10B7C000584239E7A022C4F2020290423FF43AAF55
:10B7D000B82231E740F2A042C4F2020290423FF4A4
:10B7E00031AF40F2B84227E7DFED0E0AB2EE040AAD
:10B7F000F7EE001AB0EE602A9FED091ADFED0A2A73
:10B80000FDF75AFA9FED090AFFF706FDF5F720FB51
:10B810000028FBD1FDF768FF012004F07DFBF9E76C
:10B820008096184B6F12833A0000000000007A44A3
:10B8300040F2882640F2D44740F2013B41F69004A2
:10B840004FF4FA70C2F20046C2F200474FF000080F
:10B850004FF00A0AC0F2201B48F28009C2F20044ED
:10B8600082E000BF01F0EF012022402302EA5032C3
:10B8700001F09F0103EA90407B89104496F8742000
:10B88000084487F83E00D7F81A00C7F83F00B6F81A
:10B890006E00B6F87010A7F8430097F8470002F062
:10B8A0000702A7F8451000F0F8003D46104487F85D
:10B8B0004700C81A96F868100022A7F84800D6F882
:10B8C00031000A29C7F84A004FF0A50088BF0122BD
:10B8D00005F81E0FB6F8370096F8393087F84E2075
:10B8E000F268EA70800096F83B2063F34100C7F8E5
:10B8F0002680C7F82A8001306FF35F30C7F82D80AB
:10B90000A5F8091002F00F0196F83A2096F83530A4
:10B9100040EA4130C7F8228002F00F0103F0030231
:10B92000A5F801A040EA414096F8361040EA42509E
:10B93000C5F805B00029A5F80B9018BF00F5000068
:10B9400005217061C5F80D002846F5F795F813211B
:10B950002846F4F7F1FF132220462946FDF760F848
:10B96000F0680130F060642004F0D6FA96F85000D8
:10B97000B28DB16AB963000987F83100B6F8510099
:10B9800097F83E107886B6F86A00B886B6F8480090
:10B99000F886B078BA870F2808D810F00F0205D0C3
:10B9A00041F0010100F0F000B07001E001F0FE0193
:10B9B000306A022201F0F10102EA104396F84720B2
:10B9C00019440C2303EA5043802A19443FF44AAF38
:10B9D00012073FF547AF41F0100145E700000000B6
:10B9E00040F200049E21C2F200442046F4F76DFEAE
:10B9F00000200021002200234FF0000802F0F8FE92
:10BA00004AF6EC1741F64409C2F201474FF02115FE
:10BA10004FF0210BC2F200494FF0010A14E000BFC1
:10BA2000D9F8000004214F232246C0F83880484648
:10BA300087F800A0FBF7F0FE00284FF4FA7018BF5B
:10BA400087F8008004F068FAF8F7F6FD064600BFB4
:10BA5000387850B1F8F7F0FD801B0328F8D30421A3
:10BA60004846FCF701F987F800804220A080422078
:10BA70002560C0F22100C4F806002120C4F812504D
:10BA8000C4F82250C0F24200C4F81650C4F8265040
:10BA9000C4F80A00C4F81A50C4F82A50C4F80E506A
:10BAA000C4F81E50A4F82EB0F8F7C6FD064600BF35
:10BAB000387850B1F8F7C0FD801B0328F8D3042173
:10BAC0004846FCF7D1F887F80080D9F80000042137
:10BAD0004F232246C0F83880484687F800A0FBF77D
:10BAE0009BFE00284FF4FA7018BF87F8008004F01E
:10BAF00013FAF8F7A1FD0646387850B1F8F79CFD27
:10BB0000801B0328F8D304214846FCF7ADF887F8DA
:10BB100000802560C4F81250C4F82250A4F804B084
:10BB2000C4F80650C4F81650C4F82650C4F80A5099
:10BB3000C4F81A50C4F82A50C4F80E50C4F81E5065
:10BB4000A4F82EB0F8F778FD064600BF3878002834
:10BB50003FF466AFF8F770FD801B0328F6D304218D
:10BB60004846FCF781F887F8008059E7000000009C
:10BB700040F2DC5004F0D0F9F5F74AFB41F2E4540E
:10BB80000121C2F2004400222046002504F000F901
:10BB900040F6A806C2F2004606F54070FFF78CFB9F
:10BBA00002210022204604F0F3F806F21440FFF7C9
:10BBB00083FB03210022204604F0EAF806F5A56085
:10BBC000FFF77AFB41F284600521C2F200400022B7
:10BBD00004F0DEF806F23C60FFF76EFB0421002261
:10BBE000204604F0D5F800F05BFA40F2604440F2E1
:10BBF0008066C2F20044C2F2004602E0012004F076
:10BC00008BF9207810B100F027FF2570F8F714FDAC
:10BC10003168401A3228F1D3F8F70EFD306001F098
:10BC20004FF8EBE70000000040F2DC5004F074F93C
:10BC30004FF47A7004F070F9FAE700000000000099
:10BC400080EC020A002180ED041AC0E90211416172
:10BC5000704700000000000030EE410A90ED022A1B
:10BC600030EEE13A9FED164AB0EEC01AB4EE412A2A
:10BC7000B0EEC31AF1EE10FA34FE000AB4EE412A17
:10BC800090ED012AF1EE10FA34FE031A22EE011AA9
:10BC900090ED002AA2EE001A90ED030A30EE010AA0
:10BCA00090ED041AB1EE412A80FE411AB4EE420A28
:10BCB000F1EE10FA31FE020A80ED050A704700BF6E
:10BCC000000000000000000080EC030AC0ED061A2E
:10BCD000002180ED082A416270470000000000004A
:10BCE00080ED090A7047000030EE600A90ED092AE5
:10BCF00090ED013A90ED025A90ED054AB0EEC01A6F
:10BD0000B4EE412A9FED1A1AF1EE10FA31FE000A44
:10BD100090ED031A80ED041A80ED030A30EE412AFB
:10BD2000A0EE034A90ED063AB1EE436A25EE022AF0
:10BD300090ED005A84FE433AA0EE052AB4EE464A3E
:10BD400090ED084AF1EE10FAB1EE445A33FE063A8D
:10BD500080ED053A32EE032A82FE441AB4EE452AFB
:10BD6000F1EE10FA31FE050A80ED070A704700BFB8
:10BD700000000000000000000000000000000000C3
:10BD8000EFF30980BFF36F8F154B1A681EF0100F89
:10BD900008BF20ED108A20E9F04F10602DE909005E
:10BDA0004FF0500080F31188BFF34F8FBFF36F8FB8
:10BDB00004F062FF4FF0000080F31188BDE8090035
:10BDC00019680868B0E8F04F1EF0100F08BFB0EC1B
:10BDD000108A80F30988BFF36F8F704700BF00BFE0
:10BDE000E80100240000000084B02DE9F04F81B08C
:10BDF0002DED028B0C9041F69420C2F200400DF123
:10BE0000300B0D9190ED002A40F22450B5EE402AFF
:10BE1000C2F20040F1EE10FA0E920F9312DA9BED8F
:10BE2000120A90ED061A20EE010A9BED111A90ED10
:10BE3000052AA1EE020A9BED131A90ED072AA1EE46
:10BE4000020A96E0B7EE008A40F22C38C2F20048AF
:10BE500080ED050AC0ED060AF4EE481A80ED071AD7
:10BE6000F1EE10FAC8ED001A75DD08F1240708F1AB
:10BE70003C093846494603F09BFC08F1140A08F1D6
:10BE8000340450463946224603F016FC08F14406B5
:10BE900048465146324603F00FFC08F14C0230464A
:10BEA000394603F009FC40F2541098ED010AC2F241
:10BEB000004008F11C07394690ED001A204680EE3C
:10BEC000010A80EE010A30EE080A88EE000A03F04B
:10BED00037FC08F10C0408F154024846214603F0EF
:10BEE000EBFB98ED000A08F15C0698ED021A384663
:10BEF00030EE410A314603F023FCB0EE480A08F167
:10BF000064052046294603F01BFC2846314622469C
:10BF100003F0F2F908F1740438464946224603F06A
:10BF2000CBFB40F224552046C2F2004551462A463A
:10BF300003F0C2FBB0EE480A08F16C0450462146FB
:10BF400003F0FEFB20462946524603F011FC05F1A2
:10BF5000140090EC030A9BED122A9BED113A22EE9D
:10BF6000202AA3EE002A9BED130AA0EE012AB0EED0
:10BF7000420ABDEC028B01B0BDE8F04F04B070473F
:10BF800070B5054640F25410C2F2004040F22C3425
:10BF90004FF67211C2F20044C3F67F71016005F1E1
:10BFA000440304F10C000321012203F0C5F905F15B
:10BFB000500304F114000321032203F0BDF940F201
:10BFC000245504F11C00C2F20045032105F10803C9
:10BFD000012203F0B1F904F1240005F11403032157
:10BFE000012203F0A9F904F12C00012101222346CA
:10BFF00003F0A2F904F1340005F12003032101222A
:10C0000003F09AF904F13C0005F12C03012103220D
:10C0100003F092F904F1440005F1380301210322F1
:10C0200003F08AF904F14C00231D0121012203F0E1
:10C0300083F904F1540004F108030121012203F003
:10C040007BF904F15C0005F144030321012203F0B4
:10C0500073F904F1640005F150030321012203F098
:10C060006BF940F2805604F16C00C2F200460321E5
:10C070000322334603F060F904F1740006F124034F
:10C080000321032203F058F906F148030321032298
:10C090002846BDE8704003F04FB9000000000000E2
:10C0A00010B541F628304FF07E51C2F2004041F207
:10C0B000AF02C3F6ED624BF21774416744F273713D
:10C0C000C3F60E2141644FF2460182644EF6FF3200
:10C0D000C4F28701C2F62F520266C0E9131241F280
:10C0E000D601C3F2D1740467C0F23201C0F88410E3
:10C0F000FFF746FF4AF65C1143F65040C2F2014199
:10C10000C3F223604EF29732DFED160A486748F615
:10C110001960C3F20240C3F22942486441F69430E8
:10C120008A6442F2DC42C4F24300C2F23472C1E9D2
:10C13000130240F200300A66C2F2004040F6B452E8
:10C140000C67B0EE080AC0F2640204309FED062AC4
:10C15000C1F88420B0EE601AF0EE601ABDE810401D
:10C16000FFF7B2BD000000000000484300000000DF
:10C1700080B500F029FEBDE8804002F025BC00003B
:10C18000C16002747047000080B5C1880289914285
:10C1900002D1002080BD00BFB0F804E0D0F800C09C
:10C1A0004B1CB3FBFEF202FB1E325CF82110C28076
:10C1B000084680BD0000000010B5B0F808E0044655
:10C1C00080880EF10102B2FBF0F303FB1020E2883D
:10C1D000904208BF10BDD4F80CC0BCF1000F15D0C0
:10C1E000227C02FB0EC0F4F7D7F92189A08894F8CD
:10C1F00010C04A1CB2FBF0F303FB10202268E36876
:10C200000CFB013342F82130208110BD226842F836
:10C210002E10208110BD0000B0B5054688000C46E8
:10C22000F4F7ECF82860AC80B0BD0000000000001E
:10C23000C1880089081AB0FA80F0400970470000F0
:10C24000F0B581B044F22C47C5F6020757F8042C2C
:10C2500002F00302032A03D1012001B0F0BD00BFA8
:10C26000054657F82C0C0C4620F0806047F82C0C43
:10C27000F8F7E2F9064600BF57F82C0C000105D587
:10C28000F8F7DAF9801B0228F6D964E057F8040CB5
:10C29000EE6895E80E0020F47C30012C40EA013075
:10C2A000A2F101016FF35F214FF47E4202EB4322C2
:10C2B00047F8040C92B24FF0FE4302EB01004FF43A
:10C2C000FE012A6901EB064101F4FE0103EB026263
:10C2D000084402F0FE410844F8603868696920F0BB
:10C2E000C00040EA010038603868A96920F02000E9
:10C2F00040EA0100386038684FF6F87120F010000D
:10C3000038603869EA6920EA01004FF4001140EA18
:10C31000C2003861386808BF4FF4801140F0100047
:10C32000002C386008BF4FF400213868084338609B
:10C3300057F82C0C40F0806047F82C0CF8F77CF98B
:10C34000044600BF57F82C0C000107D4F8F774F925
:10C35000001B0328F6D3032001B0F0BD002001B07C
:10C36000F0BD000000000000F0B581B044F22C47A1
:10C37000C5F6020757F8042C02F00302032A03D182
:10C38000012001B0F0BD00BF054657F82C0C0C464B
:10C3900020F0805047F82C0CF8F74EF9064600BF05
:10C3A00057F82C0C800005D5F8F746F9801B0228B9
:10C3B000F6D964E057F8040CEE6895E80E0020F01A
:10C3C0007C70012C40EA0150A2F101016FF35F2162
:10C3D0004FF47E4202EB432247F8040C92B24FF036
:10C3E000FE4302EB01004FF4FE012A6901EB064116
:10C3F00001F4FE0103EB0262084402F0FE4108442E
:10C4000078613868696920F4406040EA010038606A
:10C410003868A96920F4007040EA01003860386883
:10C420004FF6F87120F480703860B869EA6920EA44
:10C4300001004FF0807140EAC200B861386808BF5F
:10C440004FF4000140F48070002C386008BF4FF4B6
:10C45000800138680843386057F82C0C40F0805051
:10C4600047F82C0CF8F7E8F8044600BF57F82C0CF6
:10C47000800007D4F8F7E0F8001B0328F6D3032068
:10C4800001B0F0BD002001B0F0BD000000000000D0
:10C4900041F22470C2F20040F9F732BE0000000001
:10C4A000016840F26F32D1F814C08B6943F0080381
:10C4B0008B618B6943F010038B610B6823F00103E0
:10C4C0000B600B6923EA02020A618A6822F4404287
:10C4D0008A6090F88120042A18BF1CF0200209D03D
:10C4E000D0F8842042F08002C0F884208A6942F0AB
:10C4F00020028A6190F88120032A18BF1CF04002B4
:10C500000CD15FEA8C5216D45FEACC5220D40021C1
:10C51000A0F86210A0F86A10704700BFD0F884201D
:10C5200042F00402C0F884208A6942F040028A6125
:10C530005FEA8C52E8D5D0F8842042F00102C0F8BE
:10C5400084208A6942F400728A615FEACC52DED5A7
:10C55000D0F8842042F00802C0F884208A6942F4AE
:10C5600080728A610021A0F86210A0F86A107047FA
:10C57000806B0021A0F86A10A0F86210012180F8F9
:10C580008110F9F7B9BD00000000000000000000B4
:10C59000074B19680868B0E8F04F80F30988BFF3CB
:10C5A0006F8F4FF0000080F31188704700BF00BF0D
:10C5B000E801002400000000012003F0ADFCFBE7CF
:10C5C0000A7882724A78C2724A8882808A88028196
:10C5D000C988C1807047000080B54FF0500080F3DB
:10C5E0001188BFF36F8FBFF34F8F04F045FD30B15B
:10C5F0004EF604504FF08051CEF200000160002052
:10C6000080F3118880BD0000B0B59CB044F61804DA
:10C61000022000251195CDE90F55CDE90D55CDE945
:10C620000B550895C5F60204CDE90655CDE904552C
:10C63000CDE902550195F8F75BF90095206820F4E3
:10C6400040402060206800F440400090009820683E
:10C65000800409D4206880045CBF20685FEA8040C1
:10C6600002D420688004F2D5012009904FF4803173
:10C670000A9102212822CDE9152004201491CDE948
:10C6800017010C20199009A80024CDE91211CDE959
:10C690001A44F9F761FA28B1EFF3108072B600BFBF
:10C6A000FEE700BF3F20019003204FF48061CDE9F9
:10C6B0000204082004904020CDE90500CDE90710D0
:10C6C00001A80321F8F7D4FF20B1EFF3108072B670
:10C6D000FEE700BF1CB0B0BD4EF6885042F2000C21
:10C6E000CEF20000C5F2002C026842F47002026033
:10C6F000DCF8000000F00F00062806D8DCF8000087
:10C70000072262F30300CCF8000044F200404EF62A
:10C710007F51C5F60200CEF6F621026842F0010212
:10C72000026000220261036819400160DCF8001019
:10C73000090706D5DCF80010072363F30301CCF8E2
:10C74000001040F200218261C261C0F20221026247
:10C7500081620021C0F2FF11C16240F28021C0F26B
:10C760000111016342638163C26301644264016831
:10C7700021F4802101600266D0F8D410C90448BFBA
:10C780007047D0F8D41043F2D20241F48051C0F87F
:10C79000D41044F20001C5F200210A60D0F8D41090
:10C7A00021F48051C0F8D410704700000000000050
:10C7B00041F2F870C2F20040FAF7D2BB000000006C
:10C7C00041F2AC70C2F20040FAF7CABB00000000B0
:10C7D00010B540F6FF32D0F800E0C4F200029042FB
:10C7E00010DCB0F1804F1ED040F20043C4F20003D1
:10C7F000984218D040F60003C4F20003984212D0C9
:10C8000016E000BF40F60043C4F2000398420AD08D
:10C8100040F20043C4F20103984204D00023C4F262
:10C820000103984204D12EF070024B6843EA020ED5
:10C830004EF2FF3343F6FF7CC4F20003C4F2010C56
:10C84000984213DD60452BDC4EF20043C4F2000336
:10C85000984242D00023C4F2010398423DD040F2F6
:10C860000043C4F20103984237D03BE040F2FF732B
:10C87000C4F20003984227DD40F60003C4F200032F
:10C8800098422AD040F60043C4F20003984224D0D4
:10C890004EF20003C4F2000398421ED022E000BF13
:10C8A00044F20003C4F20103984216D044F6000398
:10C8B000C4F20103984210D044F20043C4F20103D1
:10C8C00098420AD00EE000BFB0F1804F05D040F290
:10C8D0000043C4F20003984204D12EF44072CB68A6
:10C8E00043EA020E4B6960450A688C68C462826242
:10C8F00012DD44F20002C4F20102904217D044F665
:10C900000002C4F20102904211D044F20042C4F28B
:10C91000010290420BD00CE00022C4F201029042CE
:10C9200005D040F20042C4F20102904201D10969EF
:10C930000163016841F004010160012141612EF0B1
:10C9400080011943016010BD10B5846B616A81429A
:10C9500012D0A16A814219D0E16A814220D0216BB4
:10C96000814226D1C06900284FF00800207720D1ED
:10C97000012084F841001CE0C06900284FF001004C
:10C98000207716D184F83E0013E000BFC06900286C
:10C990004FF0020020770CD1012084F83F0008E01E
:10C9A000C06900284FF00400207702D1012084F8EC
:10C9B00040002046FAF744FE0020207710BD00001A
:10C9C00010B5846B616A81420AD0A16A814209D0A4
:10C9D000E16A814208D0216B814207D1082004E03E
:10C9E000012002E0022000E0042020772046FAF730
:10C9F0003FFE0020207710BD10B5846B616A814234
:10CA00000CD0A16A81420FD0E16A814212D0216B21
:10CA1000814215D0012084F83D0016E001202077E6
:10CA200084F83E0011E000BF02202077012084F846
:10CA30003F000AE004202077012084F8400004E051
:10CA400008202077012084F841002046FAF780FA78
:10CA50000020207710BD0000F0B581B02DED068BD1
:10CA600082B040F6A807C2F2004707F5407420469E
:10CA7000FEF7EEFB07F21440FEF7EAFB07F5A560B0
:10CA8000FEF7E6FB07F23C652846FEF7E1FB97ED73
:10CA9000D20A9FED879A97EDCF1A20EE090A21EE70
:10CAA000091A9FED84AA9FED848AD7EDC91A80EEFA
:10CAB0000A0AF0EE480A81EE0A1A07F57F70FFF7BE
:10CAC000CBF8B7F90A00B7F9021000EE100A07F127
:10CAD000140001EE101AB8EEC00AF8EEC10AFFF712
:10CAE00003F994ED570A94ED541A20EE090AF0EE7A
:10CAF000480A21EE091AD4ED4E1A07F5A26080EE1D
:10CB00000A0A81EE0A1AFFF7A7F8B7F9CA00B7F9BF
:10CB1000C21000EE100A07F1D40001EE101AB8EEB0
:10CB2000C00AF8EEC10AFFF7DFF894ED9C0A94ED15
:10CB3000991A20EE090AF0EE480A21EE091AD4EDFE
:10CB4000931A07F2246080EE0A0A81EE0A1AFFF7B0
:10CB500083F8B7F98A01B7F9821100EE100A07F5D8
:10CB6000CA7001EE101AB8EEC00AF8EEC10AFFF75B
:10CB7000BBF894EDE10A94EDDE1A20EE090AF0EE1E
:10CB8000480A21EE091AD4EDD81A07F5E76080EEBD
:10CB90000A0A81EE0A1AFFF75FF8B7F94A02B7F9F5
:10CBA000421200EE100A07F5157001EE101AB8EEE9
:10CBB000C00AF8EEC10AFFF797F8FFF7D9FA41F279
:10CBC000E456B0EE480AF0EE480AB0EE481AF0EE2D
:10CBD000481AC2F2004694EDCE2A0321304603F0F3
:10CBE0002BF941F2E800F0EE001AC2F20040B0EE7C
:10CBF000480AB0EE481AB0EE482AD0ED130A41F2C6
:10CC00008460C2F20040052103F016F9B0EE480A34
:10CC1000F0EE480AB0EE481AF0EE481A95ED442AB4
:10CC20000421304603F008F9B0EE480AF0EE480A55
:10CC3000B0EE481AF0EE481A94ED442A012130462D
:10CC400003F0FAF8B0EE480AF0EE480AB0EE481ADF
:10CC5000F0EE481A94ED892A0221304603F0ECF8F0
:10CC600097ED6C2A4FF4007197ED0C0ABDEEC22AC5
:10CC700097ED3C1ABDEEC00ABDEEC11A97ED9C3A85
:10CC8000BDEEC33A12EE100A10EE102A11EE103A61
:10CC9000009013EE107A41F24450C2F20040019726
:10CCA00001F066FC02B0BDEC068B01B0F0BD00BF28
:10CCB000DB0F49400000344300000000000000008A
:10CCC00010B540F6A804C2F2004494F80803012805
:10CCD00008D068B941F2E4500121C2F200400022BC
:10CCE00003F056F894F81C0401280DD115E000BF9C
:10CCF00041F2E4500121C2F20040002202F0ACFFF8
:10CD000094F81C04012808D060B941F2E4500221D3
:10CD1000C2F20040002203F03BF894F830050128ED
:10CD20000CD11DE041F2E4500221C2F20040002289
:10CD300002F092FF94F83005012811D040B941F279
:10CD4000E4500321C2F20040002203F021F807E082
:10CD500041F2E4500321C2F20040002202F07CFFC5
:10CD600041F2E800C2F20040007A012812D048B92E
:10CD700041F284600521C2F20040002203F008F86D
:10CD800008E000BF41F284600521C2F200400022A9
:10CD900002F062FF94F84406012808BF10BD48B9AC
:10CDA00041F2E4500421C2F200400022BDE81040EC
:10CDB00002F0EEBF41F2E4500421C2F20040002232
:10CDC000BDE8104002F048BF70B52DED108BA0B04B
:10CDD00040F6A80541F62834C2F20045C2F20044EC
:10CDE00005F54076DFEDEF2AD5EDC90A95EDCA0AC3
:10CDF00020EEA03A96ED4E6A20EE004A94ED1D1A00
:10CE000020EE012A96ED4F0AA6EE063A96ED937AA9
:10CE1000A0EE004AD6EDD81A22EE205AD6EDD94A15
:10CE2000A7EE073AD4ED125A20EE012A96ED940AA5
:10CE3000A0EE004A0020A1EEA13A2063A2EE065A1D
:10CE400094ED112A60EE013A2064A4EEA44A206019
:10CE500064EE814A84ED053AA3EE875A62EE033A06
:10CE600084ED064A82FE220A85FEA22AF1EE002AFD
:10CE7000E5EE843AF2EE045AA4EEA15AD4ED134A38
:10CE800084ED1E2AE4EEA23ADFEDC72AC4FEA22AF0
:10CE900084ED1F0AC4ED202AB4EE655A84ED075ACA
:10CEA000F1EE10FA75EE233AC4ED0D3ADFEDEB3AF0
:10CEB00032DDD4ED0E4AF4EE654AF1EE10FA2BDDC8
:10CEC000B5EE001A34EEC52A684604F1100180223E
:10CED00023EE010A64EE010A62EE011A043A51F8E7
:10CEE000043B40F8043BF9D1B7EE001A94E80F0078
:10CEF000FEF77AFFD4ED0C3A94ED1D1A94ED1E2A3C
:10CF000094ED1F0AD4ED202AD5EDC90A96ED4E6A9C
:10CF100096ED937AD6EDD81A60EE807A96ED445A63
:10CF200061EE055A96ED894A65EE026A05F24C708B
:10CF300020EEA73AB4F8861026EE009A61EE044A75
:10CF4000A5EEA03A26EE09EA27EE00AAA6EE853A5B
:10CF5000A4EE86EA24EE02BA67EE0A8A21EE80CABF
:10CF600090ED000A32EE83FA96EDCE3A21EE038A76
:10CF700084ED08FAABEE04EA73EE8F9AE8EE078AC6
:10CF800061EE003A23EE02DA21EE8C1A72EE8EAADE
:10CF9000EDEE038AC4ED09AAA3EEA11A20EE02EA7F
:10CFA00039EEAA2AAEEE001A72EEA88AC4ED0A8AF9
:10CFB00032EE282A72EE819AC4ED0B9A32EE291ACB
:10CFC00002EE101A84ED0C1AB8EE422AB4EE421AA0
:10CFD000F1EE10FA40F3EC80B0EE62FA66EE856A8C
:10CFE000A7EEA0FAF0EE627A65EEA00AF0EE625AC1
:10CFF000EBEE046AE9EE067AEAEE075AECEE212A35
:10D00000EDEE036AE4EE860A7FEE277AEEEE006A22
:10D01000E8EE070A77EEA55AE3EEA10A35EEA26A1A
:10D02000F9EE002A36EE426A26EEA27A26EE076A6A
:10D03000A0EEA06AB5EE406AF1EE10FA0ADA9FEDB2
:10D04000876AB5EE406A84ED106AF1EE10FA3EDAB6
:10D050009CE000BFB1EE607ADFED801AB7EEC68AC1
:10D0600036EEA66AB7EEC77AB1EEC88BB7EEC66ADF
:10D0700038EE079B37EE487B89EE069B87EE066B02
:10D08000B7EE007AF7EEC90BB7EEC66BB4EE607A76
:10D09000F1EE10FAF5EE400A60FEA12AF1EE10FA68
:10D0A000B4EE467A62FEA10AF1EE10FAB5EE406ADD
:10D0B00026FE217AF1EE10FA27FE216A80FE866AAA
:10D0C000B5EE406A84ED106AF1EE10FA5EDBB7EE61
:10D0D000007AB4EE476AF1EE10FA57DCB9EE0C7A3A
:10D0E00066EE050A05F58261B0EE475AF4EE470A8E
:10D0F000F1EE10FAC1ED000A08DDB1EE0C5AF4EEC3
:10D10000450AF1EE10FA01DAB0EE605A66EE040A52
:10D11000B0EE474A05F22451F4EE470AC1ED000A89
:10D12000F1EE10FA08DDB1EE0C4AF4EE440AF1EE2D
:10D1300010FA01DAB0EE604A66EE030AB0EE473A42
:10D1400005F5C761F4EE470AC1ED000AF1EE10FAE9
:10D1500008DDB1EE0C3AF4EE430AF1EE10FA01DA12
:10D16000B0EE603A26EE000A80ED000AB4EE470AFF
:10D17000F1EE10FA1ADDB1EE0C6AB4EE460AF1EEE9
:10D1800010FA15DBB0EE460A12E000BF9FED346ADC
:10D1900025EE065A24EE064A23EE063A20EE060A4B
:10D1A00006E000BF95BFD6333333333FB0EE470AB6
:10D1B000B9EE0C6AB0EE467AB4EE465AF1EE10FAC9
:10D1C00008DDB1EE0C7AB4EE475AF1EE10FA01DA4E
:10D1D000B0EE457AB0EE465A05F58261B4EE464AA5
:10D1E000F1EE10FA81ED007A08DDB1EE0C5AB4EEE2
:10D1F000454AF1EE10FA01DAB0EE445AB0EE464A72
:10D2000005F22451B4EE463AF1EE10FA81ED005ADF
:10D2100008DDB1EE0C4AB4EE443AF1EE10FA01DA50
:10D22000B0EE434A05F5C761B4EE460AF1EE10FAD6
:10D2300081ED004A08DDB1EE0C6AB4EE460AF1EE6B
:10D2400010FA01DAB0EE406A81FE420A80ED006A0F
:10D2500084ED000A20B0BDEC108B70BD0000000012
:10D2600017B7D13800000000816A0A070CD4CA073A
:10D2700015D18A071ED44A0727D4CA0630D48A0695
:10D2800039D44A0655D541E00268D0F838C0536811
:10D2900023F4004343EA0C035360CA07E9D0026851
:10D2A000D0F82CC0536823F4003343EA0C035360D6
:10D2B0008A07E0D50268D0F830C0536823F4803381
:10D2C00043EA0C0353604A07D7D50268D0F834C04C
:10D2D000536823F4802343EA0C035360CA06CED577
:10D2E0000268D0F83CC0936823F4805343EA0C03EF
:10D2F00093608A06C5D50268D0F840C0936823F4CD
:10D30000005343EA0C0393604A0612D50268D0F832
:10D3100044C0BCF5801F536823F4801343EA0C0318
:10D32000536006D1536823F4C00C836C43EA0C03AA
:10D330005360090658BF70470168C06C4A6822F400
:10D340000022104348607047B0B582B00446002008
:10D35000C4F89000F7F770F9216805460A681207CB
:10D3600037D54FF4001100226FF07E400090204628
:10D370002B4600F0F1FD58B3206850E8000F2168FB
:10D3800020F0800041E80002F2B1206850E8000F70
:10D39000216820F0800041E80002002A1FBF2068B9
:10D3A00050E8000F216820F080001CBF41E8000217
:10D3B000002A09D0206850E8000F216820F0800082
:10D3C00041E80002002AD7D12020C4F8880062E09A
:10D3D00021680868400765D54FF4800100226FF08E
:10D3E0007E40009020462B4600F0B6FD002859D024
:10D3F000206850E8000F216820F4907041E8000296
:10D40000F2B1206850E8000F216820F4907041E8E4
:10D410000002002A1FBF206850E8000F216820F496
:10D4200090701CBF41E80002002A09D0206850E833
:10D43000000F216820F4907041E80002002AD7D143
:10D44000206850E8020F216820F0010041E8020244
:10D45000F2B1206850E8020F216820F0010041E895
:10D460000202002A1FBF206850E8020F216820F046
:10D4700001001CBF41E80202002A09D0206850E8E0
:10D48000020F216820F0010041E80202002AD7D1F2
:10D490002020C4F88C000320002184F8841002B0FE
:10D4A000B0BD00BF2020C4F88800C4F88C00002064
:10D4B000E0662067002184F8841002B0B0BD00004F
:10D4C000806B0021A0F85E10FAF7B2BD00000000EA
:10D4D000806B0268D0F88830D0F88CC0916809065B
:10D4E00058D5212B56D10021A0F85610016851E8DB
:10D4F000001F026821F0C00142E80013F3B1016887
:10D5000051E8001F026821F0C00142E80013002B1F
:10D510001FBF016851E8001F026821F0C0011CBF55
:10D5200042E80013002B09D0016851E8001F02688F
:10D5300021F0C00142E80013002BD7D1016851E867
:10D54000021F026821F4000142E80213F3B10168EE
:10D5500051E8021F026821F4000142E80213002B87
:10D560001FBF016851E8021F026821F400011CBFBF
:10D5700042E80213002B09D0016851E8021F02683B
:10D5800021F4000142E80213002BD7D12021C0F87A
:10D59000881002689168490640F18C80BCF1220F26
:10D5A00040F088800021A0F85E10016851E8001F5B
:10D5B000026821F4907142E80013F3B1016851E868
:10D5C000001F026821F4907142E80013002B1FBF76
:10D5D000016851E8001F026821F490711CBF42E805
:10D5E0000013002B09D0016851E8001F026821F4E4
:10D5F000907142E80013002BD7D14FF6FE7CCEF697
:10D60000FF7C026852E8022F036802EA0C0243E83A
:10D610000221F1B1016851E8021F026801EA0C0120
:10D6200042E80213002B1FBF016851E8021F026885
:10D6300001EA0C011CBF42E80213002B09D001686B
:10D6400051E8021F026801EA0C0142E80213002BB4
:10D65000D7D1C16E012927D1016851E8001F0268A6
:10D6600021F0100142E80013F3B1016851E8001FF6
:10D67000026821F0100142E80013002B1FBF01686F
:10D6800051E8001F026821F010011CBF42E800139E
:10D69000002B09D0016851E8001F026821F0100139
:10D6A00042E80013002BD7D12021C0F88C100021B4
:10D6B000C1664167D0F8901041F01001C0F8901099
:10D6C000FAF7B6BC00000000C169806BB1F5807F3D
:10D6D00000F0AA800021A0F85E10016851E8001F48
:10D6E000026821F4807142E80013FBB1016851E83F
:10D6F000001F026821F4807142E80013002B1FBF55
:10D70000016851E8001F026821F480711CBF42E8E3
:10D710000013002B0AD0016851E8001F026821F4B1
:10D72000807142E80013002BD7D100BF016851E897
:10D73000021F026821F0010142E80213F3B10168FF
:10D7400051E8021F026821F0010142E80213002B98
:10D750001FBF016851E8021F026821F001011CBFD0
:10D7600042E80213002B09D0016851E8021F026849
:10D7700021F0010142E80213002BD7D1016851E8E2
:10D78000021F026821F0400142E80213F3B1016870
:10D7900051E8021F026821F0400142E80213002B09
:10D7A0001FBF016851E8021F026821F040011CBF41
:10D7B00042E80213002B09D0016851E8021F0268F9
:10D7C00021F0400142E80213002BD7D12021C0F8FC
:10D7D0008C10C16E012927D1016851E8001F026831
:10D7E00021F0100142E80013F3B1016851E8001F75
:10D7F000026821F0100142E80013002B1FBF0168EE
:10D8000051E8001F026821F010011CBF42E800131C
:10D81000002B09D0016851E8001F026821F01001B7
:10D8200042E80013002BD7D100210167C16E012906
:10D8300004D1B0F85C10FAF733BB00BFFBF7E8B8CF
:10D84000806B01210167C16E012905D1B0F85C1020
:10D850004908FAF725BB00BFFBF7DEB8000000005F
:10D86000C169806BB1F5807F02D1FBF745B900BF7C
:10D870000021A0F85610016851E8021F026821F04B
:10D88000800142E80213FBB1016851E8021F0268FF
:10D8900021F0800142E80213002B1FBF016851E80C
:10D8A000021F026821F080011CBF42E80213002B16
:10D8B0000AD0016851E8021F026821F0800142E8A5
:10D8C0000213002BD7D100BF016851E8001F026886
:10D8D00041F0400142E80013F3B1016851E8001F34
:10D8E000026841F0400142E80013002B1FBF0168AD
:10D8F00051E8001F026841F040011CBF42E80013DC
:10D90000002B09D0016851E8001F026841F0400176
:10D9100042E80013002BD7D1704700000000000040
:10D92000806BFBF7EDB80000F0B583B004460068EB
:10D9300046F6F31640F6004E22696569D4E90213F3
:10D940000A43E7690168CCF6FF762A433140114368
:10D95000C5F6000E394301604168704521F440511D
:10D9600044F2544C41EA03014160A2694FF2FF4383
:10D970001CBF216A0A438168C1F2FF131940C5F632
:10D98000020C1143816047F6FF32C16AC4F2000203
:10D9900021F00F01656A90424FF0800341EA0501D2
:10D9A000C16219DD41F2FF71C4F2010188422DDC30
:10D9B00047F60041C4F20001884257D041F200010D
:10D9C000C4F20101884239D041F20041C4F20101A0
:10D9D000884233D057E000BF44F6FF31C4F2000163
:10D9E000884237DD44F60041C4F2000188423DD050
:10D9F00045F20001C4F20001884237D047F6000129
:10DA0000C4F20001884231D03DE000BF41F6000180
:10DA1000C4F20101884211D041F60041C4F2010173
:10DA200088420BD070452ED1DCF8041001F00702BB
:10DA3000062A80F081800FF2BC3122E0DCF8001071
:10DA4000C1F3C202062A80F0778041F6EA41C0F6AF
:10DA5000010116E044F20041C4F20001884205D001
:10DA600044F60001C4F2000188420CD1DCF8001039
:10DA700001F00702062A80F05F8041F6E441C0F61B
:10DA800001018B181B78704540F60010C0F23D0074
:10DA900000F05A80B7F5004F40F08480402B4FF0E3
:10DAA000010100F29E81DFE813F0410019019C01A1
:10DAB0009C011F019C019C019C0127019C019C0170
:10DAC0009C019C019C019C019C012F019C019C01DB
:10DAD0009C019C019C019C019C019C019C019C015E
:10DAE0009C019C019C019C019C013F019C019C01AB
:10DAF0009C019C019C019C019C019C019C019C013E
:10DB00009C019C019C019C019C019C019C019C012D
:10DB10009C019C019C019C019C019C019C019C011D
:10DB20009C019C019C019C019C013D01F7F728FF91
:10DB3000002840F0D680E5E08023704540F60010D4
:10DB4000C0F23D007FF4A6AF9A1E01211E2A00F20A
:10DB50007780DFE812F01F0046017B004601460196
:10DB60004601830046014601460146014601460141
:10DB700046018D0046014601460146014601460127
:10DB8000460146014601460146014601460146015D
:10DB900046019A00F6F7D4FE002800F06680656A18
:10DBA00073E000BF402B4FF0010100F21A81DFE863
:10DBB00013F04100D90018011801DF001801180105
:10DBC0001801E700180118011801180118011801BF
:10DBD0001801EF00180118011801180118011801A7
:10DBE000180118011801180118011801180118016D
:10DBF0001801FF0018011801180118011801180177
:10DC0000180118011801180118011801180118014C
:10DC1000180118011801180118011801180118013C
:10DC2000180118011801180118011801180118012C
:10DC30001801FD00F7F7A4FE002840F09680A5E04B
:10DC4000402B40F0CE804FF400401EE06846F6F7CF
:10DC50008BFE019800287FF4A2AF06E06846F6F735
:10DC60001BFF019800287FF49AAF0021B9E000BFA4
:10DC70005CF8540C800649F20000C0F2D03004D5A4
:10DC80005CF8541CC1F3C101C84041F69061626860
:10DC9000C0F6010131F81510B0FBF1F002EB4201C2
:10DCA00088424FF00101C0F09C801303984200F2BB
:10DCB0009880010E0023000210EB520041F1000198
:10DCC000F2F7F2FB4FF60052A0F54071C0F20F02DE
:10DCD0009142C0F08080012183E000BFF7F780FE11
:10DCE00080B1656A20E000BF6846F6F73DFE019806
:10DCF0000028F6D106E000BF6846F6F7CDFE019891
:10DD00000028EED100216CE05CF8540C800649F24A
:10DD10000000C0F2D03007D55CF8541CC1F3C1013B
:10DD2000C84001E04FF4004041F69061C0F60101A7
:10DD300031F81510B0FBF1F061684A0802EB4000C1
:10DD40004FF6EF72B0FBF1F0A0F11001914207D84D
:10DD50004FF6F0710140C0F3420008443BE000BFC1
:10DD600001213EE0F7F73CFE80B1656A20E000BF8C
:10DD70006846F6F7F9FD01980028F6D106E000BFE5
:10DD80006846F6F789FE01980028EED1002128E0C8
:10DD90005CF8540C800649F20000C0F2D03007D580
:10DDA0005CF8541CC1F3C101C84001E04FF40040CD
:10DDB00041F690616268C0F6010131F81510B0FBC0
:10DDC000F1F000EB5200B0FBF2F0A0F110014FF6C1
:10DDD000EF72914204D82168C860002101E000BFC1
:10DDE00001214FF00110A0660020C4E91D00084683
:10DDF00003B0F0BD02040810204000000000000045
:10DE000010B504468C4681650021A0F85C20C0F85E
:10DE100090102220C4F88C00D4F8800000B3134680
:10DE20004DF2C9624DF6410EC0F60002C0F6000E7A
:10DE30000165C0E90F2E4DF2D142C0F60002C26466
:10DE4000226802F124016246F5F716F940B110206C
:10DE5000C4F890002020C4F88C00012010BD00BF41
:10DE6000206938B3206850E8000F216840F48070C2
:10DE700041E80002F2B1206850E8000F216840F448
:10DE8000807041E80002002A1FBF206850E8000FA0
:10DE9000216840F480701CBF41E80002002A09D0CC
:10DEA000206850E8000F216840F4807041E80002CB
:10DEB000002AD7D1206850E8020F216840F0010005
:10DEC00041E80202F2B1206850E8020F216840F0F8
:10DED000010041E80202002A1FBF206850E8020F3B
:10DEE000216840F001001CBF41E80202002A09D06D
:10DEF000206850E8020F216840F0010041E802026A
:10DF0000002AD7D1206850E8020F216840F0400075
:10DF100041E80202F2B1206850E8020F216840F0A7
:10DF2000400041E80202002A1FBF206850E8020FAB
:10DF3000216840F040001CBF41E80202002A09D0DD
:10DF4000206850E8020F216840F0400041E80202DA
:10DF5000002AD7D1002010BD2DE9F041804600688D
:10DF60000D46C7693940491BB1FA81F1490991420F
:10DF700025D1069C34B31646611C29D1C1692940BC
:10DF8000491BB1FA81F14909B14218D1C16929404F
:10DF9000491BB1FA81F14909B14201BFC169294068
:10DFA000491BB1FA81F104BF4909B14207D1C169E6
:10DFB0002940491BB1FA81F14909B142DED0002064
:10DFC000BDE8F081F6F738FB0320BDE8F08100BF23
:10DFD0001F4607E0C0692840401BB0FA80F04009A6
:10DFE000B042ECD1F6F728FBC01BA04200F2B6808D
:10DFF000D8F8000001684907ECD5402D18BF802DE6
:10E00000E8D0C169090700F1AD80C1690905E1D512
:10E010004FF400610162D8F8000050E8000FD8F812
:10E02000001020F4907041E8000222B3D8F80000FC
:10E0300050E8000FD8F8001020F4907041E800027A
:10E04000002A1FBFD8F8000050E8000FD8F80010D1
:10E0500020F490701CBF41E80002002A0BD0D8F8D1
:10E06000000050E8000FD8F8001020F4907041E84C
:10E070000002002ACFD14FF6FE70CEF6FF70D8F81E
:10E08000001051E8021FD8F80020014042E80213B6
:10E090000BB3D8F8001051E8021FD8F80020014057
:10E0A00042E80213002B1FBFD8F8001051E8021FEE
:10E0B000D8F8002001401CBF42E80213002B0AD010
:10E0C000D8F8001051E8021FD8F80020014042E8BB
:10E0D0000213002BD3D1D8F86C0001282FD1D8F827
:10E0E000000050E8000FD8F8001020F0100041E8C0
:10E0F000000222B3D8F8000050E8000FD8F8001052
:10E1000020F0100041E80002002A1FBFD8F80000EC
:10E1100050E8000FD8F8001020F010001CBF41E8B4
:10E120000002002A0BD0D8F8000050E8000FD8F801
:10E13000001020F0100041E80002002ACFD120207A
:10E14000C8F88C000021C8F86C10C8F87410C8F822
:10E150009000032088F88410BDE8F0810320BDE81A
:10E16000F08100BF08210162D8F8000050E8000FDC
:10E17000D8F8001020F4907041E8000222B3D8F8DB
:10E18000000050E8000FD8F8001020F4907041E82B
:10E190000002002A1FBFD8F8000050E8000FD8F88E
:10E1A000001020F490701CBF41E80002002A0BD040
:10E1B000D8F8000050E8000FD8F8001020F4907054
:10E1C00041E80002002ACFD14FF6FE70CEF6FF7074
:10E1D000D8F8001051E8021FD8F80020014042E8AA
:10E1E00002130BB3D8F8001051E8021FD8F8002032
:10E1F000014042E80213002B1FBFD8F8001051E87D
:10E20000021FD8F8002001401CBF42E80213002B77
:10E210000AD0D8F8001051E8021FD8F800200140B9
:10E2200042E80213002BD3D1D8F86C0001282FD17B
:10E23000D8F8000050E8000FD8F8001020F01000C7
:10E2400041E8000222B3D8F8000050E8000FD8F8E7
:10E25000001020F0100041E80002002A1FBFD8F88B
:10E26000000050E8000FD8F8001020F010001CBF8C
:10E2700041E80002002A0BD0D8F8000050E8000F57
:10E28000D8F8001020F0100041E80002002ACFD199
:10E290002020C8F88C000020C8F86C00C8F8740072
:10E2A0000821C8F8901088F884000120BDE8F081AA
:10E2B00010B541F69004C2F200442046F9F7BCFEC6
:10E2C0004AF258214FF4C062C2F201412046F9F7E8
:10E2D0009BFD41F2643040F20F41C2F20040C4F2B3
:10E2E0000201006888426FF0080111DC6F22C4F25D
:10E2F0000202904222DC3F22C4F20202904239DC48
:10E300001022C4F2020290425CD0282254E000BFE6
:10E3100040F26F42C4F2020290421BDC40F23F42E4
:10E32000C4F2020290422DDC40F21042C4F202021A
:10E33000904247D040F228423EE000BF9F22C4F204
:10E340000202904228DC7022C4F20202904239D0CC
:10E35000882231E040F29F42C4F20202904223DC64
:10E3600040F27042C4F2020290422BD040F2884246
:10E3700022E000BF4022C4F20202904222D0582282
:10E380001AE000BF40F24042C4F20202904219D0AB
:10E3900040F2584210E000BFA022C4F202029042B4
:10E3A00010D0B82208E000BF40F2A042C4F202023E
:10E3B000904207D040F2B842C4F20202904218BF25
:10E3C0006FF0040102681140016010BD0000000000
:10E3D00010B541F62414C2F200442046F9F72CFE91
:10E3E0004AF658014FF48072C2F201412046F9F713
:10E3F0000BFD41F2544040F20F41C2F20040C4F222
:10E400000201006888426FF0080111DC6F22C4F23B
:10E410000202904222DC3F22C4F20202904239DC26
:10E420001022C4F2020290425CD0282254E000BFC5
:10E4300040F26F42C4F2020290421BDC40F23F42C3
:10E44000C4F2020290422DDC40F21042C4F20202F9
:10E45000904247D040F228423EE000BF9F22C4F2E3
:10E460000202904228DC7022C4F20202904239D0AB
:10E47000882231E040F29F42C4F20202904223DC43
:10E4800040F27042C4F2020290422BD040F2884225
:10E4900022E000BF4022C4F20202904222D0582261
:10E4A0001AE000BF40F24042C4F20202904219D08A
:10E4B00040F2584210E000BFA022C4F20202904293
:10E4C00010D0B82208E000BF40F2A042C4F202021D
:10E4D000904207D040F2B842C4F20202904218BF04
:10E4E0006FF0040102681140016010BD00000000DF
:10E4F000B0B58AB00191082104910021CDE9021143
:10E50000CDE90511CDE9071115460446099102F040
:10E51000ABFB01A920462A46F4F7DEFFA8B141F281
:10E520004450C2F20040844240F66800C2F200400B
:10E5300010D041F2E451C2F200418C420CD041F2C1
:10E540008461C2F200418C4208D002F019FE0AB088
:10E55000B0BD00BF043002E0063000E008300188A2
:10E560000131018002F00CFE0AB0B0BD00000000D5
:10E5700080B582B04FEA122C8DF801201A0A8DF86E
:10E580000220049A8DF80330130A8DF80430059B9D
:10E590008DF805201A0A8DF806206A468DF800C00D
:10E5A0008DF80730FFF7A4FF02B080BD0000000027
:10E5B000FEE70000000000002DE9F0414FF00002EE
:10E5C000B0B3032934D340F2B802A1F1020CC2F275
:10E5D000004242F258731CF00305A1F10304B2F8A3
:10E5E00000E0C0F6010311D00646012D16F8012BFC
:10E5F00082EA0E02D2B233F8122082EA1E2E1BD11A
:10E60000A0465FFA8EF7032C05D338E00027E046DA
:10E610000646032C33D210F80C30BB427BD10844A1
:10E6200091B210F8010CA0EB1120B0FA80F0420971
:10E630001046BDE8F08100BF5FFA8EF74678022DE4
:10E6400087EA060733F8177087EA122E08D1A1F17E
:10E650000408861C3A465FFA8EF7032CDBD30EE0E3
:10E660005FFA8EF68278A1F105087240C61C33F875
:10E67000122082EA172E5FFA8EF7032CCBD3341FB9
:10E6800014F8042F667882EA0E02D2B233F8122010
:10E6900082EA1E277740A678FFB233F8177087EA20
:10E6A00012227240B8F10406D2B233F81250E27866
:10E6B00085EA172782EA0702D2B233F8122082EAEB
:10E6C000152722D014F8042F043E657882EA070249
:10E6D000D2B233F8122082EA172787EA0507A57815
:10E6E000FFB233F8177087EA122282EA0502D2B22B
:10E6F00033F81250E27885EA172782EA0702D2B28D
:10E7000033F8122082EA1527DCD1FFB210F80C3062
:10E71000BB423FF484AF0020BDE8F0810000000060
:10E7200000284FF000025ED003295CD370B58A1E2A
:10E73000A1F1010E032A41F6F0420EF0030CC0F6DF
:10E74000010207D2FF2400210346BCF1000F31D1A2
:10E7500041E000BF0578FF234FF6FC716B40457820
:10E760000EEA01040021D35C6B408578D35C6B40DA
:10E77000C578D35C6B400D1DAEB2D15CA64200F1F2
:10E78000040313D013F8046B0435714013F8036CC1
:10E79000515C714013F8026C515C714013F8016CCC
:10E7A000515C7140AEB2515CA642EBD10C46BCF15B
:10E7B000000F10D01978BCF1010F81EA0401515CFF
:10E7C00009D05C78BCF1020F81EA0401515C02D0EF
:10E7D0009B785940515C10F80E00081AB0FA80F08E
:10E7E0004209BDE87040104670470000000000007C
:10E7F0002DE9F041002818BFBDE8F0819846164683
:10E800000C46F5F719FF4AF6EC150746C2F201452A
:10E81000287868B1F5F710FFC01B0328F8D341F63C
:10E8200044000421C2F20040F9F71EFA00202870CB
:10E8300070B2422361B2B0F1FF3F40F20000C8BFA6
:10E840002123C2F20040B1F1FF3F4FFA88F24FF0AE
:10E8500042010380C8BF2121B2F1FF3F4FF04202C5
:10E860000182C8BF212271064FF04201028458BFC5
:10E87000212162064FF04202418058BF21225FEA07
:10E8800048614FF04201428258BF2121B2064FF049
:10E890004202418458BF2122A1064FF042018280EA
:10E8A00058BF21215FEA88624FF04202818258BF3F
:10E8B0002122F1064FF04201828458BF2121E20655
:10E8C0004FF04202C18058BF21225FEAC8614FF079
:10E8D0004201C28258BF212132074FF04202C18457
:10E8E00058BF212221074FF04201028158BF212148
:10E8F0005FEA08724FF04202018358BF212271077C
:10E900004FF04201028558BF212162074FF04202B9
:10E91000418158BF21225FEA48714FF04201428392
:10E9200058BF2121B2074FF04202418558BF212232
:10E93000A1074FF04201828158BF21215FEA88720E
:10E940004FF04202818358BF2122F1074FF042016C
:10E9500082854FF0420208BF2121C181E1074FF0BB
:10E96000420108BF21215FEAC873C18308BF212289
:10E97000C285F5F761FE0446287868B1F5F75CFEBC
:10E98000001B0328F8D341F644000421C2F20040E2
:10E99000F9F76AF90020287041F6440040F20002BD
:10E9A000C2F200400024C2F200424F2301688C638F
:10E9B000012129700421F8F72FFF002818BF2C70BF
:10E9C000BDE8F0810000000070B52DED048B4AF623
:10E9D0005C149FED1E1AC2F20144002094ED120A4D
:10E9E00094ED112A80FE010A94ED133A82FE011A79
:10E9F0009FED172A84ED1E0A83FE020A84ED1F1A7A
:10EA000084ED200AC4E90500E0612064C4E90C003B
:10EA1000FAF72EFFA4F88800FAF732FF40F2BD2182
:10EA200040F20036C2F20041C2F20046097830805E
:10EA3000032907D0022918BF01290BD13220A4F8DD
:10EA4000880016E09620A4F8880012E095BFD6331F
:10EA50003333333FFAF70CFFA0F1C901A4F8880063
:10EA600011F1BB0F05D8B4F88600A4F88800002087
:10EA7000306040F6A80594ED051AC2F2004594ED09
:10EA8000013A94ED026AD4ED030AB5F9022094ED3F
:10EA90001D5AB5F9C210D4ED042A02FB02F004EEAF
:10EAA000102A01FB01F3B5F9422200EE100AB5F974
:10EAB000820102EE103AB8EEC44A00FB00F301EE08
:10EAC000901AB8EEC00AD4ED125AB8EEC22AD4EDAC
:10EAD0001F4A25EE047A318831EE001A94ED060AB9
:10EAE000A3EE030AF8EEE11A31EE021A02EE103A32
:10EAF00002FB02F3A6EE060A65EE213AB8EEC22A40
:10EB0000A0EEA00A64EE846A31EE021A02EE103A18
:10EB1000A2EEA20A26EE844AB8EEC22A64EEA17AD8
:10EB200084ED060A31EE022A94ED071AA7EE031AC5
:10EB300094ED113A67EEA11A84ED052A23EE023A0C
:10EB4000A3EE861A94ED136AA5EE803AF1EE005A10
:10EB5000A6EE253A06EE100AD5ED0C5A7088A7EEFF
:10EB6000254A94ED1E7AB8EEC66A00EE100A65EEEC
:10EB7000876A301D25EE068AA6EEA54AD5ED3C5AD9
:10EB800064EE866AA8EE201A00EE902AE3EEA51A3B
:10EB900065EE873AF8EEE00A26EE866AE3EEA51AFD
:10EBA00025EE205A64EEA03AD5ED6C4AA8EE246A10
:10EBB00064EE875AA5EE221AD4ED202A32EE844A5A
:10EBC00063EEA00AD4ED0C3AA5EEA46AD5ED9C4AFA
:10EBD00073EE843A84ED071A72EEA11A84ED084AA6
:10EBE000E5EE240AC4ED091A24EE875A31EE033A01
:10EBF00033EEA12A84ED0D3AE5EE240A32EE861AB0
:10EC000084ED0A1AB8EE400A32EE012A01EE101A1B
:10EC100032EEA03A84ED0B3AF8EE410A32EE031AD6
:10EC200084ED0C1AFDF760F8B4F8880041F628313D
:10EC3000C2F20041B1EE043A00EE100A143091ED38
:10EC4000002AB9EE006A94ED1D7A40F25011B8EE38
:10EC5000401AC2F20041B8EE400B31EE421A96ED76
:10EC6000082A31EE421A02EE100AB8EEC22AB4EEB9
:10EC7000431AF1EE10FA81FE422A32FE035A9FED4A
:10EC8000D33A94ED1F2A27EE034A62EE062A84ED5A
:10EC9000235AB7EEC51A80FE011BD4ED200A24EEDC
:10ECA000030A22EEA04AB7EEC11BD4ED1E1AA0EE55
:10ECB000074A21EE860AA2EE014A9FEDC51A22EE0E
:10ECC000000AA0EE034A84FE010AB1EEC00AA7EED4
:10ECD000430A32EE023A80EE030A9FEDBE3A30EE6E
:10ECE000030A94ED0C3AB4EE453AF1EE10FABCEE9C
:10ECF000C00A10EE100A95ED0C0A088040F30C8152
:10ED0000B5F9020021EE803AF0EE606AB0EE608A5A
:10ED100004EE100AB5F9C20063EE002A03EE900A71
:10ED2000B5F98201B8EEC44AF8EEE34A62EE045A3D
:10ED300027EE043A62EE247AE5EE846AF0EE605A39
:10ED400063EE003A95ED3C3A21EE834AE7EEA45A91
:10ED500007EE900A67EE244AB5F94202E4EE032A70
:10ED6000F8EEE77AE4EE833A04EE900A76EEA55ADE
:10ED700022EE274AF8EEE44A67EE276AA4EE278AD5
:10ED800095ED6C4A22EE242A21EE849AE6EE843A2E
:10ED9000E2EE240A95ED9C2AE9EE042A61EE821A3D
:10EDA00075EE885A27EE247AE1EE822A75EEA00AE3
:10EDB000E7EE023A30EEC55A22EE866A25EE065A92
:10EDC000A3EEA35AB5EE405AF1EE10FA35DBB1EEE0
:10EDD000631AB7EEC55A32EEA26AB7EEC11AB1EEA7
:10EDE000C55BB7EEC66A35EE017B31EE451B87EE9B
:10EDF000067B81EE061BB7EE006AB7EEC75BB7EE87
:10EE0000C11B9FED737AB4EE456AF1EE10FAB5EED0
:10EE1000405A65FE070AF1EE10FAB4EE416A20FE90
:10EE2000875AF1EE10FAB5EE401A21FE076AF1EEAC
:10EE300010FA26FE071A85FE011AB5EE401A84ED77
:10EE4000101AF1EE10FA53DBB7EE005AB4EE451A81
:10EE5000F1EE10FA4CDC21EE006A9FED605AB0EE44
:10EE6000450AB4EE456AF1EE10FA08DD9FED5C0A42
:10EE7000B4EE406AF1EE10FA01DAB0EE460A21EE85
:10EE8000036AB0EE453AB4EE456AF1EE10FA08DDD9
:10EE90009FED533AB4EE436AF1EE10FA01DAB0EEA8
:10EEA000463A21EE044A85ED3C3AB0EE453AB4EEDE
:10EEB000454AF1EE10FA08DD9FED493AB4EE434AB7
:10EEC000F1EE10FA01DAB0EE443A21EE021A85EDC5
:10EED0006C3AB4EE451AF1EE10FA19DD9FED402AB6
:10EEE000B4EE421AF1EE10FA14DBB0EE421A11E061
:10EEF0009FED395A23EE053A22EE051A85ED3C3A8C
:10EF000024EE052A20EE050A85ED6C2A02E000BFFA
:10EF1000B0EE451A85ED9C1A9FED301AB0EE412AED
:10EF2000B4EE410AF1EE10FA08DD9FED2D2AB4EEA1
:10EF3000420AF1EE10FA01DAB0EE402AB0EE410AD0
:10EF400095ED3C3AB4EE413A85ED0C2AF1EE10FA1B
:10EF500084ED012A08DD9FED220AB4EE403AF1EE7D
:10EF600010FA01DAB0EE430A85ED3C0A95ED6C2A01
:10EF700084ED020AB0EE410AB4EE412AF1EE10FA35
:10EF800008DD9FED170AB4EE402AF1EE10FA01DA1F
:10EF9000B0EE420A95ED9C2A85ED6C0AB4EE412A4A
:10EFA00084ED030AF1EE10FA08DD9FED0D1AB4EEC0
:10EFB000412AF1EE10FA01DAB0EE421A85ED9C1A00
:10EFC00084ED041ABDEC048B70BD00BF0000164434
:10EFD0000000000000007A4417B7D13800007AC65C
:10EFE00000007A46000000004EF60C500422CEF2DB
:10EFF0000000C0F2FA52BFF34F8F016801F4E061E4
:10F0000011430160BFF34F8F00BF00BF00BF00BFBF
:10F01000FAE7000000000000F5EE400AF1EE10FAF9
:10F020002BDD80EE200AB7EE001AB1EE403AB5EEC5
:10F03000400AB0EE402AF1EE10FAB8BFB0EE432A13
:10F04000B4EE412AF1EE10FA4FDD81EE022A41F6CC
:10F05000A8629FED811A2021C0F601025318B0EE7C
:10F06000413A043993ED001A0B1DA2EE031AF5D1B3
:10F070009FED772A32EE411A48E0F5EE400AF1EEB4
:10F0800010FA51DAB5EE400AF1EE10FA59DD80EED1
:10F09000200AB7EE002AB1EE403AB5EE400AB0EED3
:10F0A000401AF1EE10FAB8BFB0EE431AB4EE421AAD
:10F0B000F1EE10FA40F3828082EE012A41F6A86256
:10F0C0009FED651A2021C0F6010200BF5318B0EE73
:10F0D000413A043993ED001A0B1DA2EE031AF5D143
:10F0E0009FED5B2A32EE412A7AE041F6A8629FED5D
:10F0F0005A3A2021C0F601025318043993ED001A40
:10F100000B1DA2EE031AB0EE413AF5D1B1EE412A41
:10F11000B5EE400AF1EE10FAB8BFB0EE421A80ED3B
:10F12000001A002040B27047F5EE400AF1EE10FAE6
:10F1300041D1B5EE400AF1EE10FA34DD9FED441AEC
:10F14000EDE7B5EE400AF1EE10FA57DA80EE200A4C
:10F15000B7EE002AB1EE403AB5EE400AB0EE401AE2
:10F16000F1EE10FAB8BFB0EE431AB4EE421AF1EE67
:10F1700010FA4EDD82EE012A41F6A8629FED361AA2
:10F180002021C0F6010200BF5318B0EE413A043905
:10F1900093ED001A0B1DA2EE031AF5D19FED2C2A58
:10F1A00032EE412A46E0B5EE400AF1EE10FA02DAFC
:10F1B0009FED281AB3E7FC2040B2704741F6A862E1
:10F1C0009FED253A2021C0F6010200BF53180439F3
:10F1D00093ED002A0B1DA1EE032AB0EE423AF5D1C1
:10F1E000B1EE421AB5EE400AF1EE10FAB8BFB0EE39
:10F1F000412A9FED1B0A32EE001A90E710EE101A1A
:10F2000040F6DB72C4F2490262F31E0101EE101AED
:10F2100085E741F6A8629FED103A2021C0F6010271
:10F220005318043993ED002A0B1DA1EE032AB0EE0A
:10F23000423AF5D1B1EE421AB5EE400AF1EE10FABB
:10F24000B8BFB0EE412A9FED050A32EE001A66E71C
:10F25000DB0FC93FDB0FC9BFA59204BDDB0F49C05F
:10F26000DB0F494000000000B5EE001A9FED1E2A9A
:10F27000A0EE021A9FED1E2ABDEEC10AB5EE401A9D
:10F28000F1EE10FA10EE100AB8BF013800EE100AC5
:10F29000B8EEC00A31EE400A9FED141A20EE010AC2
:10F2A000BCEEC01A30EE022A11EE100A410A41F6F5
:10F2B000F06118BF002000FE020AC0F6010101EE55
:10F2C000100A01EB800090ED012AB8EE411A30EEF1
:10F2D000410AB7EE001A31EE401A20EE020A90ED14
:10F2E000002AA1EE020A704783F9223E0000004482
:10F2F000000000C400000000B0F800C0438803FB19
:10F300000CF3B3B1D2F804C040684A68011F043A54
:10F31000ACF1040091ED010A92ED011A00F1040C28
:10F3200030EE010A04310432013B80ED010A6046EF
:10F33000F0D1002070470000018042804360704798
:10F340002DE9F04F93B0028801904088D1F80490E5
:10F35000129010460F9207911AB30F996FF00300A5
:10F360008D00002600EB810A4FF07E5B2C464F4655
:10F3700005E000BF04364446B542074611D026B129
:10F3800038463146F1F7A1F937443846B245A4F181
:10F39000040840F804BBEDD04146F1F796F938195E
:10F3A000E8E7129D002D00F05581019804214FEAF5
:10F3B0008508B7EE000AD0F804E0681C05900F98A5
:10F3C000444204200B9001EB85000390AEF1040051
:10F3D0000EEB850CA9F10401099100EB85010A915E
:10F3E00000210E914FF0000B0C900290CDE91050CF
:10F3F00004941CE010981199013810900398DDF8DE
:10F4000020C0014411910E99DDF834B004310E9101
:10F410000C99844404310C910A99AB4501440B9832
:10F42000049C0A9100F104000B9000F017810598EC
:10F430000BF101090F990BFB00F089450EEB8000E1
:10F4400090ED001A16D261465B46584691ED002AAF
:10F45000B0EEC14AB0EEC23A0133E2184144B4EE14
:10F46000443AF1EE10FAC8BF184632FE011A0132D2
:10F47000ECD100E05846B5EE401A0021F1EE10FA4A
:10F4800018BF584525D0AB450ED200FB05B1029AF6
:10F4900002EB8101DDE9103252F8047F51F8046F6C
:10F4A000013B16600F60F7D10799498881B100FBD5
:10F4B00001F20E98099B00FB013003EB820300BFB1
:10F4C00050F8042F53F8047F013907601A60F7D110
:10F4D0000121B5EE401AF1EE10FA00F0DE8080EE68
:10F4E000011ACDF83490A5EB0B090691B9F1010F83
:10F4F0000CDBDDE9100100BF91ED012A0A1D21EEB0
:10F50000022A013881ED012A1146F5D10798CDF87C
:10F5100020C0438873B10E99099801FB0302184675
:10F5200092ED012A111D21EE022A013882ED012AF5
:10F530000A46F5D1BBF1000F42D00E98099E9C00FF
:10F540004FF0000C00FB0367DDF830A007E000BFC0
:10F550000CF1010CC244DC452644129D30D00CFB5A
:10F5600005B0B9F1010F0EEB800090ED001A12DB2F
:10F57000B1EE412A10985546119A00BF92ED013A1A
:10F5800095ED014AA2EE034A291D0432013885EDAA
:10F59000014A0D46F2D1002BDAD0B1EE412A1846CD
:10F5A00035463A4692ED013A95ED014AA2EE034AFC
:10F5B000291D0432013885ED014A0D46F2D1C7E715
:10F5C0000F980D998142BFF415AF0E9809994FEA33
:10F5D000830A0A9A00FB031C0B9800FB03140D9886
:10F5E00008E000BF01300F99884242445444129D04
:10F5F0003FF400AF00FB05B1B9F1010F0EEB810143
:10F6000091ED001A11DBB1EE412A109F15461199B8
:10F6100091ED013A95ED014AA2EE034A2E1D043107
:10F62000013F85ED014A3546F2D1002BDAD0B1EE2B
:10F63000412A1F462546614691ED013A95ED014A62
:10F64000A2EE034A2E1D0431013F85ED014A3546E5
:10F65000F2D1C7E79FED161A002006900698002801
:10F660004FF0000020D1B5EE401AF1EE10FA1BD198
:10F670000F9805FB00F1002089B1019A5368002220
:10F6800093ED000AB5EE400AF1EE10FA08D101320E
:10F6900004339142F4D10A4602E0FB2004E0002248
:10F6A0008A4208BF6FF0040040B213B0BDE8F08F8B
:10F6B00000000000000000002DE9F0474588436885
:10F6C0004C68B0F800E04988D2F804C0A3F1040AFD
:10F6D0004FEA85084FF000099FED180A05E000BFCA
:10F6E000BEF1010E8944C24424D00CEB89062346A6
:10F6F0000F460AE0013F06F10402A1EB070086ED88
:10F70000001A164604EB8003EAD0B0EE401A002D32
:10F71000F0D0B0EE401A50462A4600BF90ED012AC4
:10F7200093ED003AA2EE031A0430013A03EB810391
:10F73000F4D1DFE70020BDE8F08700BF0000000043
:10F74000028843885A4372B14B684068011F181FF2
:10F7500091ED011A031D21EE001A0431013A80EDEA
:10F76000011A1846F4D10020704700000000000084
:10F77000B0F800C0438803FB0CF3B3B1D2F804C067
:10F7800040684A68011F043AACF1040091ED010A97
:10F7900092ED011A00F1040C30EE410A04310432FA
:10F7A000013B80ED010A6046F0D100207047000067
:10F7B00070B502884368B0F802E0D1F804C00021B7
:10F7C000104603E0013801F101010DD0BEF1000F38
:10F7D000F8D00CEB8104754653F8046B013D2660AC
:10F7E00004EB8204F8D1EDE7002070BD00000000BA
:10F7F00010B5F1F7B5FA8020F1F706FC5520F1F7C6
:10F8000003FC5520F1F700FCF1F7A2FA9620F1F77E
:10F81000F7FAF1F7A5FA8020F1F7F6FB5520F1F79A
:10F82000F3FB5520F1F7F0FBF1F792FA9620F1F790
:10F83000E7FAF1F795FA7E20F1F7E6FBB620F1F74B
:10F84000E3FBF1F785FA5020F1F7AAFAF1F788FA0D
:10F850008020F1F7D9FB5520F1F7D6FB5520F1F7C1
:10F86000D3FBF1F775FA9620F1F7CAFAF1F778FAB7
:10F870008020F1F7C9FB5520F1F7C6FB5520F1F7C1
:10F88000C3FB0446F1F764FA9620F1F7B9FA1E2C8F
:10F8900040D1F1F765FA7D20F1F7B6FB0420F1F7CE
:10F8A000B3FBF1F755FA9620F1F7AAFAF1F758FAF7
:10F8B000FD20F1F7A9FB5520F1F7A6FB5520F1F744
:10F8C000A3FB0446F1F744FA9620F1F799FA042CC9
:10F8D00022D1F1F745FA7C20F1F796FB0020F1F7F1
:10F8E00093FBF1F735FA9620F1F78AFAF1F738FA37
:10F8F000FC20F1F789FB5520F1F786FB5520F1F745
:10F9000083FB0446F1F724FA9620F1F779FA6CB1FB
:10F91000012002E0FF2010BD002042F6581100EB4C
:10F920004000C0F601010844807810BDF1F718FAD4
:10F930004020F1F769FBAB20F1F766FBF1F708FA1D
:10F940009620F1F75DFAF1F70BFAC020F1F75CFBB6
:10F950005520F1F759FB5520F1F756FB0446F1F716
:10F96000F7F99620F1F74CFAAB2C21D1F1F7F8F921
:10F970004120F1F749FB0020F1F746FBF1F7E8F9E8
:10F980009620F1F73DFAF1F7EBF9C120F1F73CFBD6
:10F990005520F1F739FB5520F1F736FB0446F1F716
:10F9A000D7F99620F1F72CFA24B10320B5E700BF70
:10F9B0000220B2E7F1F7D4F95320F1F725FB082034
:10F9C000F1F722FBF1F7C4F99620F1F719FAF1F7F4
:10F9D000C7F9D320F1F718FB5520F1F715FB552097
:10F9E000F1F712FB0446F1F7B3F99620F1F708FAA4
:10F9F000082C21D1F1F7B4F95820F1F705FB0420C8
:10FA0000F1F702FBF1F7A4F99620F1F7F9F9F1F714
:10FA1000A7F9D820F1F7F8FA5520F1F7F5FA5520B3
:10FA2000F1F7F2FA0446F1F793F99620F1F7E8F9C5
:10FA3000042C03D1002010BD04206EE705206CE7E4
:10FA4000B0B5F1F7A1F98020F1F7DEFA5520F1F712
:10FA5000DBFAF1F791F99620F1F7D2F9F1F794F981
:10FA60008020F1F7D1FA5520F1F7CEFAF1F784F9B9
:10FA70009620F1F7C5F9F1F787F91420F1F7C4FAE8
:10FA8000B620F1F7C1FAF1F777F95020F1F788F9CC
:10FA9000F1F77AF98020F1F7B7FA5520F1F7B4FAC7
:10FAA000F1F76AF99620F1F7ABF9F1F76DF98020DB
:10FAB000F1F7AAFA5520F1F7A7FA0446F1F75CF935
:10FAC0009620F1F79DF90F2C58D1F1F75DF90F2031
:10FAD000F1F79AFA00200025F1F796FAF1F74CF9C0
:10FAE0009620F1F78DF9F1F74FF98F20F1F78CFAA5
:10FAF0005520F1F789FA0446F1F73EF99620F1F71F
:10FB00007FF9002C3DD1F1F73FF91020F1F77CFA95
:10FB10008220F1F779FAF1F72FF99620F1F770F9D1
:10FB2000F1F732F99020F1F76FFA5520F1F76CFAFE
:10FB30000446F1F721F99620F1F762F9822C1FD1E2
:10FB4000F1F722F91120F1F75FFA0020F1F75CFAE2
:10FB5000F1F712F99620F1F753F9F1F715F9912021
:10FB6000F1F752FA5520F1F74FFA0446F1F704F98C
:10FB70009620F1F745F96CB1022502E0FF20B0BDF7
:10FB8000012542F66A1105EB4500C0F60101084463
:10FB90008078B0BDF1F7F8F81520F1F735FA80203C
:10FBA000F1F732FAF1F7E8F89620F1F729F9F1F7D1
:10FBB000EBF89520F1F728FA5520F1F725FA0446DD
:10FBC000F1F7DAF89620F1F71BF9802C1ED1F1F746
:10FBD000DBF81620F1F718FA0020F1F715FAF1F723
:10FBE000CBF89620F1F70CF9F1F7CEF89620F1F763
:10FBF0000BFA5520F1F708FA0446F1F7BDF8962004
:10FC0000F1F7FEF824B10425BBE700BF0325B8E7F0
:10FC1000F1F7BAF81820F1F7F7F90120F1F7F4F944
:10FC2000F1F7AAF89620F1F7EBF8F1F7ADF8982084
:10FC3000F1F7EAF95520F1F7E7F90446F1F79CF8F6
:10FC40009620F1F7DDF8012C02D10020B0BD00BFF5
:10FC5000052596E70000000080B582B01144FB2224
:10FC600009B28DF807206A464FF0FF33CDF8033014
:10FC70000093FEF73DFC02B080BD000000000000D4
:10FC800080B582B01144FD2209B28DF807206A4682
:10FC90004FF0FF33CDF803300093FEF729FC02B09C
:10FCA00080BD00000000000080B50A789FED321A88
:10FCB000B3EE045A9FED336A02F00F0242600A78F5
:10FCC0009FED2E2ABBEE0E7A12098260B1F8012058
:10FCD00052BAC260CB7891F804C000EE102A1B0122
:10FCE00043EA1C1EC0F810E091F804C003EE10EACD
:10FCF0004A79B8EEC00A0CF00F03B8EEC33A42EAF4
:10FD0000032220EE011A04EE102A426123EE063A85
:10FD10009FED1D6A81EE021AB8EEC44A83EE063AE0
:10FD200080EE020A9FED192A24EE054A9FED145A2F
:10FD300031EE051A80ED081A33EE071A84EE064AF2
:10FD4000BAEE046A80ED091A20EE020A34EE061AB1
:10FD500080ED0A1A8A7901EE102AB8EE411A80ED78
:10FD60000D1AC97980ED110A01EE101AB8EE411A88
:10FD700080ED0E1A80BD00BFD00FC94000FF7F4745
:10FD8000D00F49C00000704200F07F450000B4432E
:10FD900080B582B01144FC2209B28DF807206A4672
:10FDA0004FF0FF33CDF803300093FEF7A1FB02B014
:10FDB00080BD00000000000084B001200090F4F736
:10FDC00007FD0020019048F21F70029040F20110E0
:10FDD00003906846F4F7CCFC0420F4F709FDF4F72F
:10FDE00043FCFCF711FCFAF7E3FEFAF7B5FCFAF76F
:10FDF0002FFFFAF7DDFFFAF703FDFAF73DFDFAF7FB
:10FE000077FDFBF76DF8FBF7ABF8FAF755FFF9F75D
:10FE10003FFDF1F789F9F1F70FF94FF4F070F1F7C1
:10FE2000F3FC0A20F3F7FCFAF1F726FDFAF798FD48
:10FE300000F07AF8FEE7000010B582B0B3EE0E3A9B
:10FE40009FED2F4A30EE040A9FED2E4A9FED2E5A69
:10FE5000B1EE047A09B230EE833A20EE040A9FED47
:10FE60002B4A21EE041A23EE043A80EE050A9FED98
:10FE7000285A21EE846A83EE053AB2EE045ABDEEAA
:10FE8000C00A32EE052A9FED235A81EE051A10EEC4
:10FE9000102A86EE075A22EE042AB3EE044ABDEE7B
:10FEA000C33A140ABDEEC11A8DF8004082EE042A4E
:10FEB0008DF80120BDEEC54A13EE103A11EE10CABE
:10FEC000BDEEC22A14EE10EA1A098DF802201A01BA
:10FED00012EE104A42EA1C228DF803204FEA1E124D
:10FEE0008DF80520220A8DF804C042EA0E128DF822
:10FEF00006206A468DF80740FEF7FAFA02B010BDF8
:10FF0000D00F494000FF7F47D00FC94000F07F4528
:10FF1000000070420000FA4380B5002808BF0120AD
:10FF200000F0FEFC002080BD80B500F095FD0020B3
:10FF300080BD00000000000070B584B043698E46AB
:10FF4000A3B1846994B10289D0E9001C15B2B2F161
:10FF500084060269604618BFEE1C0294CDE9006376
:10FF6000734600F0B5FF04B070BD00BF038901689F
:10FF70001EB2843B028A406818BFF31C009303AB97
:10FF80000193734600F074FF0399012818BF002104
:10FF9000084604B070BD000080B5EFF3058189B15B
:10FFA00001F066F901280FD14EF604504FF0805150
:10FFB000CEF2000001600020BFF34F8FBFF36F8FC0
:10FFC00080BD00BF00F0FCFC002080BD00000000F0
:10FFD00080B500F0A9FD002080BD000000000000F9
:10FFE000F0B581B040F2E8140546C2F200440E4676
:10FFF000676A2268101D00F013FB18B1681C0CD052
:020000040801F1
:1000000016E000BF20680121C06A01FA00F06168B3
:1000100021EA00006060681C0AD14EB154F8500B10
:10002000011D204601B0BDE8F04000F065BB00BFF7
:100030002068ED19456007D3606B2168043101B079
:10004000BDE8F04000F024BB206B2168043100F0D3
:100050001FFB206A854238BF256201B0F0BD000059
:100060002DE9F041044600F063FB40F2E81641F64A
:100070009825C2F20046C2F2004530690130306175
:10008000306848B17069002840D13068E16AC06AC0
:10009000884298BF346039E034603069012835D136
:1000A000284600F0E5FA05F1140000F0E1FA05F148
:1000B000280000F0DDFA05F13C0000F0D9FA05F166
:1000C000500000F0D5FA05F1640000F0D1FA05F116
:1000D000780000F0CDFA40F2AC48C2F20048404649
:1000E00000F0C6FA08F11407384600F0C1FA06F12C
:1000F000640000F0BDFA06F13C0000F0B9FA06F128
:10010000500000F0B5FAC6F8308077637068E26A94
:10011000B16801230131B16002EB820193401843C1
:10012000706005EB8100211D00F0E6FA00F028FB6D
:10013000706988B13068E16AC06A884228BFBDE84A
:10014000F0814EF604504FF08051CEF20000016075
:10015000BFF34F8FBFF36F8FBDE8F0810000000049
:1001600040F2E81541F698264EF60458C2F20045D2
:10017000C2F20046CEF200084FF0805703E000BF05
:10018000204600F015FBE868D0B100F0D1FAA86C69
:10019000C468201D00F044FA286901382861E86825
:1001A0000138E86000F0ECFA94F851000228EAD037
:1001B0000128E5D070B9206B00F0FAFAE0E700BF43
:1001C00030680228DFD3C8F80070BFF34F8FBFF349
:1001D0006F8FD8E74FF0500080F31188BFF36F8F17
:1001E000BFF34F8FFEE700002DE9F0470A9F8246DC
:1001F0009946DDF824803E6B0029089C06EB8200BE
:10020000A0F1040020F0070654D0087887F83400E5
:10021000087800284AD0487887F8350048780028C0
:1002200044D0887887F83600887800283ED0C8788F
:1002300087F83700C878C8B3087987F83800087994
:10024000A0B3487987F83900487978B3887987F876
:100250003A00887950B3C87987F83B00C87928B349
:10026000087A87F83C00087A00B3487A87F83D009E
:10027000487AD8B1887A87F83E00887AB0B1C87ACF
:1002800087F83F00C87A88B1087B87F84000087B70
:1002900060B1487B87F84100487B38B1887B87F89C
:1002A0004200887B10B1C87B87F84300002087F8A4
:1002B000430002E0002087F83400062C07F1040018
:1002C00028BF06240025FC62C7E9114500F0DCF9CF
:1002D00007F1180000F0D8F984F00700B861304643
:1002E00051464A463F617F62FD6487F8505000F0F6
:1002F00047F9B8F1000F386018BFC8F80070BDE8C2
:10030000F08700000000000008480068006880F3E3
:1003100008884FF0000080F3148862B661B6BFF31E
:100320004F8FBFF36F8F00DF00BF000008ED00E0CC
:1003300081B00020009040F25810C2F200400068E6
:100340004FF0500181F31188BFF36F8FBFF34F8FD0
:10035000013003D0FEE700BF009838B9009828B9F3
:100360000098002804BF00980028F5D001B070471D
:10037000B0B5044600F078FC40F2602CC2F2004CAC
:10038000DCF8040050B19CF80000002818BF4FF0C2
:1003900000404FF0000594BB8FE000BF41F6B8303D
:1003A000C2F20040C11D10F0070221F00701A0EBCE
:1003B000010318BF084648F2A061002AC0F20101FB
:1003C0004FF0000218BF1944CCF818000144CCF8D3
:1003D0001C2021F00701A1F10803CCF8043041E909
:1003E00002220360191A416001208CF800004FF0CE
:1003F0000040CCE90211002C4FF000055DD02040F8
:100400005BD124F00700002500F11002600708BF4F
:1004100004F10802002A50D0DCF8080082424CD8CF
:10042000604650F818EFDEF8043093422BD2DEF825
:100430000010B9B174464B68934217D20D68ADB144
:100440006B68934216D22868A0B14368934215D2D4
:1004500004689CB16368934214D22168A6460029BF
:10046000E9D110E00CF118000DE000BF8E462046E7
:1004700009E000BFAE46084605E000BF86462846B4
:1004800001E000BFA646DCF804108E4514D0991A8E
:1004900003681129DEF8004004604DD30EEB02051D
:1004A000680719D04FF0500080F31188BFF36F8FA9
:1004B000BFF34F8FFEE700BF002500F061FE680725
:1004C0005AD04FF0500080F31188BFF36F8FBFF305
:1004D0004F8F00BFFEE700BF0CF118006960CEF837
:1004E000042000BF0168A9420AD20868A8420BD2C2
:1004F0000168A94204D208680A46A842F2D304E07F
:100500000246084601E000BF0A4654681119A94294
:10051000696802D12144154651606C18844207D1A4
:10052000DCF80440A0421EBFD0E900042144696009
:10053000AA42286018BF1560DEF8040003F1080520
:10054000DCE90212091ACCF80810914238BFCCF845
:100550000C109CF8001000294FF0000118BF40F06B
:100560000040CEE90010DCF810000130CCF810009B
:1005700000F006FE6807A4D12846B0BD00000000C8
:1005800040F2313321F00101C0F6010340F80C3C88
:100590004FF0807340F8202C40E902136FF0020105
:1005A00040F8241CA0F144010846704700000000F8
:1005B00070B50D46044600F0BBF840F2E816C2F2F2
:1005C00000463068C06CA0B930684FF0010180F877
:1005D000501075B101212846FFF702FD4EF6045078
:1005E0004FF08051CEF200000160BFF34F8FBFF398
:1005F0006F8F00F0C5F800F09BF83068C56C2DB126
:100600000020002C316808BF681EC86430680021D3
:1006100080F8501000F0B4F8284670BD00000000CB
:10062000D0E9013201699A60D0F808C04A68824274
:100630004FF00002CCF8043008BFC1F804C00261DA
:100640000868013808600868704700000000000072
:100650004AF6F033C2F2014303604AF6F010C2F2E8
:10066000014008608020106070470000000000001A
:1006700002464FF0FF3142F8081F00214260C0E9F6
:1006800003220160704700000021016170470000F3
:1006900010B5D1F800E01EF1010213D000F10804FA
:1006A00062681368734511D853681C68744511D883
:1006B0005A68146874450FD85468A4462368734573
:1006C000EED90BE00269D2F804C007E09446224656
:1006D00004E000BF9C4601E094461A46C1F804C0FD
:1006E000CCF808108A60516008610168013101602E
:1006F00010BD000000000000D0F800C043684B604F
:100700009A688A609A689960086151600CF10101E9
:100710000160704700000000DFF80C00016841F440
:10072000700101607047000088ED00E000000000EB
:100730004FF0500080F31188BFF36F8FBFF34F8FDE
:1007400040F25810C2F200400168002901F1010195
:10075000016001D0704700BF4EF60450CEF2000099
:100760000068000608BF70474FF0500080F3118802
:10077000BFF36F8FBFF34F8FFEE700000000000054
:1007800040F25810C2F20040016839B101390160ED
:1007900018BF7047002080F3118870474FF0500059
:1007A00080F31188BFF36F8FBFF34F8FFEE7000018
:1007B00070B5002808BF70BD40F260250446C2F243
:1007C00000452878002818BF4FF0004054F8041C5A
:1007D00008420DD0A4F1080632689AB14FF05000DB
:1007E00080F31188BFF36F8FBFF34F8FFEE700BF19
:1007F0004FF0500080F31188BFF36F8FBFF34F8F1E
:10080000FEE700BF21EA000044F8040C00F02CFAD7
:1008100054F8041CA8680844A86005F1180000BF3B
:100820000368B3420AD21868B04225D20368B342C3
:1008300004D218681A46B042F2D301E002461846C4
:100840005368D418B44202D1194416465160731843
:10085000834206D16B6898421EBFD0E90003194459
:100860007160B242306018BF16606869013068611B
:10087000BDE8704000F084BC1A465368D418B442F6
:10088000E5D1E1E7000000004EF210000021CEF2B9
:10089000000044F6D352C1F262020160816040F26E
:1008A000A801C2F200410968A1FB02124FF0FF311A
:1008B00001EB9211416007210160704700000000C8
:1008C00040F28020EFF305811029C2F2004011D3DD
:1008D0004EF2F032CEF20002895C0278914209D2E7
:1008E0004FF0500080F31188BFF36F8FBFF34F8F2D
:1008F000FEE700BF4EF60C51CEF2000109684068D9
:1009000001F4E061814298BF70474FF0500080F3DE
:100910001188BFF36F8FBFF34F8F00BFFEE700005A
:1009200070B500283FD040F2E8150446C2F20045F9
:10093000A86948B14FF0500080F31188BFF36F8F62
:10094000BFF34F8FFEE700BFA8690130A8616E6A50
:1009500028680430FFF764FE50B12868A419446089
:1009600013D3686B29680431FFF792FE16E000BFCD
:1009700028680121C06A01FA00F0696821EA0000D4
:1009800068602868A4194460EBD2286B2968043198
:10099000FFF77EFE286A844238BF2C6200F0F0FB2D
:1009A000002818BF70BD4EF604504FF08051CEF2B3
:1009B00000000160BFF34F8FBFF36F8F70BD000069
:1009C00070B598B140F2E8160446C2F200463068AD
:1009D000A04208BF70BDFFF7ABFE606906F1500191
:1009E00088420DD0BDE87040FFF7CABE4FF05000FE
:1009F00080F31188BFF36F8FBFF34F8FFEE700BF07
:100A0000A06A0028EED1251D2846FFF709FEE06AFE
:100A100001218140726800EB8000114341F6982269
:100A20007160C2F20042294602EB8000FFF764FECB
:100A3000E06A3168C96A8842D4D34EF604504FF058
:100A40008051CEF200000160BFF34F8FBFF36F8F74
:100A5000BDE87040FFF794BEB0B588B0002005A98E
:100A6000CDE9050006A804AAFFF7F2FD0598B8B382
:100A7000069C002C3ED0049A5421079107995429D2
:100A800042D107992063022084F8510007A800256D
:100A9000CDE9005040F2611020A1C0F60100002312
:100AA0000294FFF7A1FB2046FFF7DAFA40F2E810C4
:100AB0000799C2F20040C16179B14FF0500181F352
:100AC0001188BFF36F8FBFF34F8F4FF0FF3101627B
:100AD00001214161456200F007F908B0B0BD00BFD7
:100AE0004FF0500080F31188BFF36F8FBFF34F8F2B
:100AF000FEE700BF4FF0500080F31188BFF36F8F07
:100B0000BFF34F8FFEE700BF4FF0500080F3118816
:100B1000BFF36F8FBFF34F8FFEE700BF49444C45D3
:100B2000000000000000000070B50446FFF700FE62
:100B300040F2E816002CC2F2004608BF3468251DBA
:100B40002846FFF76DFD80B9E06A41F69822C2F2AF
:100B5000004200EB800152F8211031B9012101FA65
:100B600000F0716821EA00007060A06A18B104F119
:100B70001800FFF755FD06F150002946FFF7BCFDB0
:100B800094F85000012802D1002084F85000FFF7AB
:100B9000F7FD706978B1FFF7CBFD306B006828B1C5
:100BA000306BC068C068406802E000BF4FF0FF30A3
:100BB0003062FFF7E5FD3068844218BF70BD706990
:100BC00060B1B06990B14FF0500080F31188BFF36D
:100BD0006F8FBFF34F8F00BFFEE700BF306D3169ED
:100BE00088420FD10020306070BD00BF4EF6045027
:100BF0004FF08051CEF200000160BFF34F8FBFF382
:100C00006F8F70BDB06918B10120B06270BD00BFB8
:100C10000020B0627068B0FA80F0C0B241F698214E
:100C2000C0F11F00C2F2004100EB800051F820200B
:100C300072B101EB800151F8040F0A1D4068086091
:100C4000904201D140680860C068306070BD00BF4C
:100C50004FF0500080F31188BFF36F8FBFF34F8FB9
:100C6000FEE700000000000040F2E810C2F2004081
:100C7000816901318161704740F2E810C2F20040A1
:100C8000816919B101218162704700BF0021816231
:100C90004168B1FA81F1C9B241F69822C1F11F0150
:100CA000C2F2004201EB810152F8213063B102EB44
:100CB000810252F8041F131D4968116099420DD03A
:100CC000C9680160704700BF4FF0500080F3118881
:100CD000BFF36F8FBFF34F8FFEE700BF496811600E
:100CE000C968016070470000B0B584B04EF2004C96
:100CF0004CF27021CEF2000CC4F20F114B1CDCF848
:100D000000299A420AD14FF0500080F31188BFF3B6
:100D10006F8FBFF34F8F00BFFEE700BFDCF80029E5
:100D20008A4209D14FF0500080F31188BFF36F8FD2
:100D3000BFF34F8FFEE700BF9CF800100291FF2128
:100D40008CF800109CF800108DF8071040F28021FC
:100D50009DF80720C2F2004102F050020A700722FB
:100D60004A609DF90720B2F1FF3F69DC0322D31CE2
:100D70004B609DF8070040008DF807009DF90700C3
:100D8000B0F1FF3F24DC931C4B609DF8070040004E
:100D90008DF807009DF90700B0F1FF3FDFBF531C3E
:100DA0004B609DF807004000DEBF8DF807009DF9FD
:100DB0000700B0F1FF3F0BDC4A60043A9DF80700E2
:100DC00040008DF807009DF907000028CFD4131DBF
:100DD000032B35D14FF44070486002988CF8000026
:100DE000DCF8200940F47000CCF82009DCF8200978
:100DF00040F07040CCF82009FFF746FD40F258144F
:100E00000025C2F200442560FFF786FC4EF63470E0
:100E1000CEF20000016841F040410160FFF774FA32
:100E2000FFF72AFF039520684FF0500181F31188E6
:100E3000BFF36F8FBFF34F8F01300DD0FEE700BFC0
:100E40004FF0500080F31188BFF36F8FBFF34F8FC7
:100E5000FEE700BF039838B9039828B90398002823
:100E600004BF03980028F5D0002004B0B0BD0000F6
:100E70002DE9F04383B00746900098461546894611
:100E8000FFF776FAF8B106465420FFF771FAB8B1C9
:100E900004460022DDE90A102663434684F8512007
:100EA0002A46CDE90010384649460294FFF79CF9DE
:100EB0002046FFF7D5F8012003B0BDE8F08300BF5E
:100EC0003046FFF775FC4FF0FF3003B0BDE8F0830C
:100ED00070B586B00B9CDCB10C9E1EB354250495F6
:100EE000049D542D28D1DDF828C0049D34630225CB
:100EF00086F85150CDF800C005ADCDE90156FFF799
:100F000073F93046FFF7ACF8059806B070BD00BF26
:100F10004FF0500080F31188BFF36F8FBFF34F8FF6
:100F2000FEE700BF4FF0500080F31188BFF36F8FD2
:100F3000BFF34F8FFEE700BF4FF0500080F31188E2
:100F4000BFF36F8FBFF34F8FFEE70000000000007C
:100F5000F0B581B0D0B104461F4616460D46FFF7E6
:100F6000E7FB002F4FF002011CBFE06C386094F8E3
:100F70005000042E84F8501012D8DFE806F0280341
:100F80001F275100E16C29431AE000BF4FF05000C9
:100F900080F31188BFF36F8FBFF34F8FFEE700BF61
:100FA000E16C013113D04FF0500080F31188BFF392
:100FB0006F8FBFF34F8F00BFFEE700BFE16C0131C1
:100FC000E16401284FF001052DD104E0E56401281A
:100FD0004FF0010527D1261D3046FFF721FBE06ABF
:100FE00005FA00F140F2E815C2F2004500EB80007E
:100FF0006A68114341F69822C2F20042696002EB2E
:1010000080003146FFF778FBA06A88B14FF05000AE
:1010100080F31188BFF36F8FBFF34F8FFEE700BFE0
:1010200002281BD10025FFF7ABFB284601B0F0BD1D
:10103000E06A2968C96A884216D94EF604504FF012
:101040008051CEF2000001250160BFF34F8FBFF346
:101050006F8FFFF795FB284601B0F0BDE5640128CE
:101060004FF00105DFD1B6E70125FFF789FB2846E0
:1010700001B0F0BD000000002DE9F04740F2E81695
:10108000C2F20046B06928B1F06A0130F062002077
:10109000BDE8F087706A10F1010AC6F824A020D3D9
:1010A000306B006850B14FF0500080F31188BFF3EF
:1010B0006F8FBFF34F8F00BFFEE700BF306B716BC8
:1010C00031637063B06B0130B063306B006828B17E
:1010D000306BC068C068406802E000BF4FF0FF306E
:1010E0003062306A41F698288245C2F2004801D247
:1010F000002434E0306B0024006868B34FF001092D
:1011000016E000BFF86A726809FA00F100EB80008F
:1011100011437160294608EB8000FFF7EDFAF86A89
:101120003168C96A326B8842106828BF4C4698B152
:10113000306BC068C7683D4655F8040F82450DD333
:101140002846FFF76DFAB86A0028DBD007F11800CF
:10115000FFF766FAD6E700BF4FF0FF303062306825
:10116000C06A00EB800058F82000012888BF0124E5
:10117000B06A002818BF01242046BDE8F0870000AF
:101180002DE9F04140F2E815C2F20045A86968B1C6
:10119000FFF7CEFAA8690138A861A86980B10024D8
:1011A000FFF7EEFA2046BDE8F08100BF4FF0500097
:1011B00080F31188BFF36F8FBFF34F8FFEE700BF3F
:1011C00028690028EBD0686E78B341F6982801268C
:1011D000C2F20048286FC76807F11800FFF720FA2D
:1011E0003C1D2046FFF71CFAF86A6A6806FA00F10F
:1011F00000EB800011436960214608EB8000FFF797
:101200007BFAF86A2968C96A884228BFAE62686EAC
:101210000028DFD1286B006820B1286BC068C06847
:10122000406801E04FF0FF302862EC6A4CB10126C3
:10123000FFF722FF002818BFAE62013CF8D1002062
:10124000E862A86A0028AAD04EF604504FF08051F8
:10125000CEF2000001240160BFF34F8FBFF36F8F08
:10126000FFF78EFA2046BDE8F08100000000000084
:101270002DE9F041E0B10546FFF722FB40F2E81608
:10128000EFF311874FF0500080F31188BFF36F8F99
:10129000BFF34F8FC2F20046686906F150018842E1
:1012A00010D0002487F311882046BDE8F08100BFEC
:1012B0004FF0500080F31188BFF36F8FBFF34F8F53
:1012C000FEE700BFA86A28B1002487F311882046F2
:1012D000BDE8F081B06958B105F1180106F164006C
:1012E000FFF70AFA002487F311882046BDE8F08151
:1012F000E86A316805F104080024C96A884240465A
:1013000028BF0124FFF78CF9E86A01218140726847
:1013100000EB8000114341F698227160C2F2004256
:10132000414602EB8000FFF7E7F987F3118820467A
:10133000BDE8F0814100080218BF04200A0E18BF62
:1013400040F001004FF07F4232EA010108BF40F057
:101350000200012808BF05207047000010B54FF0BB
:101360000E402DED028BB0EE408A18EE104A00EBD5
:101370004400B0F1506F4AD84FF0FC40B0EB440F3E
:1013800022D2B0EEC80AF7EE000A30EEC00AF6EE3E
:10139000000A60EE208A18EE900A00F0FBFB01EED6
:1013A000100A14F0004F1DBFDFED2D0A9FED2D0A2E
:1013B000B1EE411ADFED2C0A08BF9FED2C0AF8EEC2
:1013C000001A21EE218A05E0DFED290A68EE088A7D
:1013D000B0EE600A9FED271ADFED271A30EE080AFB
:1013E00048EE811A9FED251A08EEA11ADFED241AA6
:1013F00048EE811A9FED231A08EEA11A68EE281A0A
:10140000BDEC028B01EE810A30EE200A10BD4FF0D8
:10141000E440B0EB440F0CD918EE100AFFF78AFF36
:10142000042808BF00F004FBB0EE480ABDEC028BB4
:1014300010BD4FF07F40B0EB440F07D2B0EE480A2A
:10144000BDEC028BBDE8104000F0E4BA0120EFF7DC
:10145000BEF9BDEC028BBDE8104000F0E1BA00001F
:101460000000C9BF22AAFDB90000C93F22AAFD3968
:101470000000000024FE1C3DC78AD83C1E67383D92
:101480001B93993DAFAA2A3E70B54FF068422DEDEF
:10149000048BF0EE408A18EE900AB0EE608A18EEE7
:1014A000101A02EB4003B3F1654F3CBF02EB41025F
:1014B000B2F1654F7DD200BFC0F3C753C1F3C7522D
:1014C0009A1A1B2A09DD10F0004F14BF9FED830A02
:1014D0009FED830ABDEC048B70BD12F11A0F36DA52
:1014E00011F0004F09D010F0004F0CBF9FED7D0AA6
:1014F0009FED7D0ABDEC048B70BD88EE889A19EED5
:10150000100AFFF717FF042808BF00F091FA18EE41
:10151000900AFFF70FFF054618EE100AFFF70AFFC3
:10152000044619EE100AFFF705FF042D18BF052D1C
:1015300008D1042C18BF052C04D1002804BF0220B8
:10154000EFF745F9B0EE490ABDEC048B70BD4200DF
:10155000B2EB410F3AD910F0004F19BFDFED630A2B
:101560009FED630ADFED630A9FED630AB0EE481A50
:101570000A46B1EE688A80F00041F0EE418A1046DA
:101580000A1A5200B2F1807F34D2484010F0004F66
:10159000DFED5A1A9FED5A2A1DBFBEEE001A70EEFB
:1015A000E10A30EE420AB6EE001A08BF70EEA10A58
:1015B00000E040E008BF30EE020AB0EE682A01EE1B
:1015C000482A08EE818AC2EE081A15E011F0004F91
:1015D00004BF9FED4C0AF0EE400AD1D010F0004F4E
:1015E00019BFDFED490A9FED490ADFED490A9FED7A
:1015F000490AC5E7C8EE881A21EEA11A9FED462ACE
:10160000DFED462A41EE022A9FED452A01EE222A0D
:10161000DFED442A41EE022A9FED432ABDEC048B04
:1016200001EE222A21EE811A01EE020A30EE210A91
:1016300030EE200A70BD4FF07F42B2EB400F28BF62
:10164000B2EB410F09D2F0EE480AB0EE680ABDECE9
:10165000048BBDE8704000F0E0B940EA01035B0094
:1016600008BF41F0FF410BD0B2EB400F08BFB2EB17
:10167000410F08D120F0804008EE900A21F080410F
:1016800008EE101A18E7B2EB400F12BF5FEA4103F1
:1016900040F0FF4001F000413FF40EAFB2EB410FCC
:1016A00012BF5FEA400200F0004041F0FF413FF40A
:1016B00003AF4A0092EA40033FF5FEAE002AACBFFA
:1016C0009FED1A0A9FED1A0A68EE808A28EE008ABA
:1016D00018EE900A18EE101AEEE60000DB0FC9BFF4
:1016E000DB0FC93FDB0F4940DB0F49C00000C9BF1A
:1016F00022AAFDB90000C93F22AAFD390060ED3ED3
:10170000C30ACE3700000000000049C022AA7DBAFB
:101710000000494022AA7D3A2DAD65BD8FB8D53D68
:101720000FB511BE61C84C3EA8AAAABE0000804FEA
:101730000000802F10EE101A08B5444A6846B2EB3C
:10174000410F28D94FF0E640B0EB410F94BF002085
:101750004FF0FF3000900098002861DB60EE000A37
:1017600010F0010F45D010F0020FDFED391A9FED98
:10177000391A00EEA11ADFED381A40EE811A21EE77
:10178000A01AF0EE400A40EE010A08BFF1EE600A2E
:10179000B0EE600A08BD314B21F0004293423CD9C3
:1017A00011F0004FDFED2E0A20EE201ADFED2D0A9A
:1017B00019BF31EE601A71EE200A31EE201A71EE77
:1017C000600ABDEEE01A11EE100A9FED271A00F034
:1017D000030000EEC10A9FED251A009000EEC10A39
:1017E0009FED231A00EEC10A9FED221A00EEC10AF6
:1017F000B1E79FED211A9FED210A10F0020F00EED4
:10180000810A9FED1F1A00EE801AB7EE000A00EE63
:10181000810A18BFB1EE400A08BD00F011F99AE73D
:1018200010EE100A4000B0F17F4F3CBFB7EE000A47
:1018300008BD07D14FF00100EEF7C9FFBDE8084031
:1018400000F0EEB8BDE8084000F0E4B8B61F927EA4
:10185000336D4CB9DA82083CA0AA2ABE490E49462B
:1018600083F9223F0000004B0000C93F00A0FD3972
:101870000020A2331A61342CB93AB2BACA9F2A3D69
:10188000DDFFFFBE00B510EE101A2DED028B81B00A
:10189000524A6846B2EB410F2ED94FF0E640B0EB0A
:1018A000410F94BF00204FF0FF3000900098B0EE41
:1018B000408A00286ADB10F0010F4BD068EE080A5E
:1018C0009FED471A9FED470A00EE810A9FED461AE9
:1018D00010F0020F00EE801AB7EE000A00EE810A47
:1018E00002BF01B0BDEC028B00BD00BF01B0B1EE84
:1018F000400ABDEC028B00BD3C4B21F000429342FC
:1019000041D911F0004FDFED3A0A20EE201ADFED49
:10191000390A19BF31EE601A71EE200A31EE201A31
:1019200071EE600ABDEEE01A11EE100A9FED321A58
:1019300000F0030000EEC10A9FED301A009000EEA7
:10194000C10A9FED2F1A00EEC10A9FED2E1A00EE7C
:10195000C10AABE728EE080A9FED2B1ADFED2B0A30
:1019600010F0020F40EE010A9FED291A00EE201A36
:1019700061EE000AB0EE480A08EE200AB6D101B0C6
:10198000BDEC028B00BD00F05BF88FE718EE100A8B
:101990004000B0F17F4F0DD218EE100AFFF7CAFCDD
:1019A000042808BF00F044F8B0EE480A01B0BDECCE
:1019B000028B00BD09D10120EEF709FF01B0BDEC9B
:1019C000028B5DF804EB00F02BB801B0B0EE480AD2
:1019D000BDEC028B5DF804EB00F01CB8B61F927EE4
:1019E000B93AB2BACA9F2A3DDDFFFFBE490E494649
:1019F00083F9223F0000004B0000C93F00A0FD39E1
:101A00000020A2331A61342C336D4CB9DA82083CC1
:101A1000A0AA2ABE30EE000A704730EE200A7047B6
:101A2000DFED020A80EEA00A70470000000000000F
:101A30009FED020A20EE000A70470000000000102F
:101A40002DE9F0014FF07F42B2EB410F9FBF4FF005
:101A5000FF310160BDE8F00170474FF0004242EAFB
:101A60000123C1F3C752783A551112F01F0C434CB1
:101A7000CCF120067C44C1F3C752A2F178024FEAB0
:101A8000621204EB820254F8254008BFD2E90156E5
:101A900012D0556804FA0CF425FA06F73C4397680F
:101AA00005FA0CF527FA06F8D26807FA0CFCF240A2
:101AB00045EA08054CEA0206A4FB034CA5FB0352C9
:101AC000A6FB03631D449D4234BF01260026131963
:101AD000334416B1934202D903E0934201D201226A
:101AE00000E00022624402F1200C9206DC0C42EA83
:101AF000443200EE102A5B03DFED210AF8EEC01A33
:101B000000EE103A4FEA9C1C11F0004FB8EE400A6C
:101B1000C0F800C020EE201A00EE105ADFED190ABE
:101B2000B8EE400A20EE200A71EE810A70EE800ABB
:101B300010EE902A02F500626FF30B0200EE902A7D
:101B400070EEE11A31EEC11ADFED101A30EE411AD3
:101B50009FED0D0A20EE800A01EE210A9FED0C1A7E
:101B600000EE810A04BFBDE8F0017047CCF180515E
:101B70000160BDE8F001B1EE400A70477401000059
:101B8000000000360000802C22AAFD29DB0FC92F9F
:101B90000000C92F10B500EE100A2DED028BB1EE3A
:101BA000C08A18EE100A20F00040C0F1FF40C00FBC
:101BB0000AD010EE100A20F00040C0F1FF40C00F24
:101BC00004BF0120EEF703FE18EE100ABDEC028BF5
:101BD00010BDF1EE100A4FF6FF71C0F2C03120EADD
:101BE000010040F04070E1EE100A70470000000074
:101BF0006E83F9A22915444ED15727FCC0DD34F578
:101C0000999562DB4190433CAB6351FE00000000BC
:101C100000000000000000000000000000000000C4
:101C200001000000020000000300000004000000AA
:101C3000000000000500000000000000000000009F
:101C4000000000000600000000000000000000008E
:101C500000000000070000001A270108F9B2000880
:101C60000000000000000000000100000000000073
:101C70000000000007270108E9B700080000000085
:101C80000000000000020000000000000000000052
:101C9000F4260108E1B90008FFFF00000000000081
:101CA0008000000000000000000000002D27010857
:101CB00071BB0008000000000000000000020000EE
:101CC000000000000000000042270108B9C500081C
:101CD0000000000000000000800000000000000084
:101CE00000000000000408102040010408102040FB
:101CF000005EBCE2613FDD83C29C7E20A3FD1F41EC
:101D00009DC3217FFCA2401E5F01E3BD3E6082DCDB
:101D1000237D9FC1421CFEA0E1BF5D0380DE3C62CB
:101D2000BEE0025CDF81633D7C22C09E1D43A1FFBB
:101D30004618FAA427799BC584DA3866E5BB5907AB
:101D4000DB856739BAE406581947A5FB7826C49A9B
:101D5000653BD987045AB8E6A7F91B45C6987A248B
:101D6000F8A6441A99C7257B3A6486D85B05E7B97B
:101D70008CD2306EEDB3510F4E10F2AC2F7193CD6B
:101D8000114FADF3702ECC92D38D6F31B2EC0E505B
:101D9000AFF1134DCE90722C6D33D18F0C52B0EE4B
:101DA000326C8ED0530DEFB1F0AE4C1291CF2D733B
:101DB000CA947628ABF517490856B4EA6937D58B2B
:101DC0005709EBB536688AD495CB2977F4AA48161B
:101DD000E9B7550B88D6346A2B7597C94A14F6A80B
:101DE000742AC896154BA9F7B6E80A54D7896B35FB
:101DF00000000000010203040102030406070809B1
:101E00000000803F00000000000000000000000013
:101E10000000000000000000000000000000803F03
:101E200000000000000000000000000000000000B2
:101E300000000000000000000000803F00000000E3
:101E40000000000000000000000000000000000092
:101E5000000000000000803F0000000000000000C3
:101E60000000000000000000000000000000000072
:101E70000000803F000000000000000000000000A3
:101E80000000000000000000000000000000803F93
:101E9000010002000400060008000A000C00100007
:101EA0002000400080000001000000000100803F91
:101EB000C90CC0B7E565AABE435690BB3C695D3E00
:101EC000EBFCA9BC08B732BEE745093EA59204BDAC
:101ED0000001020304050607080C10141820304006
:101EE00001010103070100000804020408010101C7
:101EF00000000000920E493CB10AC93C2BC3163DBC
:101F00002EFB483D752B7B3D04A9963D80B6AF3D29
:101F100036BDC83D2FBCE13D73B2FA3D87CF093EC7
:101F20008340163EB5AB223EA2102F3ECF6E3B3E05
:101F3000C2C5473E0115543E135C603E7F9A6C3E1D
:101F4000CCCF783EC07D823E938E883E229A8E3ED4
:101F500032A0943E86A09A3EE59AA03E128FA63EFD
:101F6000D47CAC3EEF63B23E2A44B83E491DBE3E2F
:101F700015EFC33E53B9C93ECA7BCF3E4136D53E6D
:101F800080E8DA3E4F92E03E7533E63EBBCBEB3E57
:101F9000EA5AF13ECBE0F63E275DFC3EE4E7003F27
:101FA0003D9C033F824B063F9BF5083F6B9A0B3FDE
:101FB000DA390E3FCDD3103F2A68133FD9F6153FCB
:101FC000C07F183FC6021B3FD17F1D3FCBF61F3F8E
:101FD0009967223F25D2243F5636273F1594293F43
:101FE0004AEB2B3FDE3B2E3FBB85303FC9C8323F1B
:101FF000F304353F233A373F4268393F3B8F3B3F3D
:10200000F9AE3D3F67C73F3F70D8413F01E2433FD4
:1020100003E4453F65DE473F12D1493FF8BB4B3FE4
:10202000029F4D3F207A4F3F3D4D513F4918533F4E
:1020300031DB543FE595563F5348583F6AF2593FCC
:102040001A945B3F532D5D3F05BE5E3F2146603FC6
:1020500097C5613F5A3C633F59AA643F880F663F6A
:10206000D86B673F3CBF683FA7096A3F0C4B6B3F8B
:102070005E836C3F93B26D3F9ED86E3F73F56F3FAA
:102080000809713F5213723F4714733FDD0B743FD1
:102090000BFA743FC6DE753F07BA763FC58B773FB4
:1020A000F853783F9812793F9DC7793F02737A3F82
:1020B000BE147B3FCDAC7B3F283B7C3FC9BF7C3F00
:1020C000AC3A7D3FCCAB7D3F23137E3FB0707E3F6B
:1020D0006DC47E3F580E7F3F6D4E7F3FAB847F3F88
:1020E0000FB17F3F97D37F3F43EC7F3F11FB7F3F93
:1020F0000000803F11FB7F3F43EC7F3F97D37F3F42
:102100000FB17F3FAB847F3F6D4E7F3F580E7F3FC7
:102110006DC47E3FB0707E3F23137E3FCCAB7D3FCE
:10212000AC3A7D3FC9BF7C3F283B7C3FCDAC7B3F79
:10213000BE147B3F02737A3F9DC7793F9812793F67
:10214000F853783FC58B773F07BA763FC6DE753FB9
:102150000BFA743FDD0B743F4714733F5213723F09
:102160000809713F73F56F3F9ED86E3F93B26D3F84
:102170005E836C3F0C4B6B3FA7096A3F3CBF683FD7
:10218000D86B673F880F663F59AA643F5A3C633F4C
:1021900097C5613F2146603F05BE5E3F532D5D3FC1
:1021A0001A945B3F6AF2593F5348583FE595563FB2
:1021B00031DB543F4918533F3D4D513F207A4F3F4B
:1021C000029F4D3FF8BB4B3F12D1493F65DE473F71
:1021D00003E4453F01E2433F70D8413F67C73F3FBB
:1021E000F9AE3D3F3B8F3B3F4268393F233A373F93
:1021F000F304353FC9C8323FBB85303FDE3B2E3F3D
:102200004AEB2B3F1594293F5636273F25D2243FD2
:102210009967223FCBF61F3FD17F1D3FC6021B3F70
:10222000C07F183FD9F6153F2A68133FCDD3103F22
:10223000DA390E3F6B9A0B3F9BF5083F824B063F06
:102240003D9C033FE4E7003F275DFC3ECBE0F63ECC
:10225000EA5AF13EBBCBEB3E7533E63E4F92E03E91
:1022600080E8DA3E4136D53ECA7BCF3E53B9C93EFF
:1022700015EFC33E491DBE3E2A44B83EEF63B23E51
:10228000D47CAC3E128FA63EE59AA03E86A09A3E34
:1022900032A0943E229A8E3E938E883EC07D823E2E
:1022A000CCCF783E7F9A6C3E135C603E0115543E65
:1022B000C2C5473ECF6E3B3EA2102F3EB5AB223E7D
:1022C0008340163E87CF093E73B2FA3D2FBCE13DF5
:1022D00036BDC83D80B6AF3D04A9963D752B7B3D0C
:1022E0002EFB483D2BC3163DB10AC93C920E493C1A
:1022F00000000000920E49BCB10AC9BC2BC316BD38
:102300002EFB48BD752B7BBD04A996BD80B6AFBD25
:1023100036BDC8BD2FBCE1BD73B2FABD87CF09BEC3
:10232000834016BEB5AB22BEA2102FBECF6E3BBE01
:10233000C2C547BE011554BE135C60BE7F9A6CBE19
:10234000CCCF78BEC07D82BE938E88BE229A8EBED0
:1023500032A094BE86A09ABEE59AA0BE128FA6BEF9
:10236000D47CACBEEF63B2BE2A44B8BE491DBEBE2B
:1023700015EFC3BE53B9C9BECA7BCFBE4136D5BE69
:1023800080E8DABE4F92E0BE7533E6BEBBCBEBBE53
:10239000EA5AF1BECBE0F6BE275DFCBEE4E700BF23
:1023A0003D9C03BF824B06BF9BF508BF6B9A0BBFDA
:1023B000DA390EBFCDD310BF2A6813BFD9F615BFC7
:1023C000C07F18BFC6021BBFD17F1DBFCBF61FBF8A
:1023D000996722BF25D224BF563627BF159429BF3F
:1023E0004AEB2BBFDE3B2EBFBB8530BFC9C832BF17
:1023F000F30435BF233A37BF426839BF3B8F3BBF39
:10240000F9AE3DBF67C73FBF70D841BF01E243BFD0
:1024100003E445BF65DE47BF12D149BFF8BB4BBFE0
:10242000029F4DBF207A4FBF3D4D51BF491853BF4A
:1024300031DB54BFE59556BF534858BF6AF259BFC8
:102440001A945BBF532D5DBF05BE5EBF214660BFC2
:1024500097C561BF5A3C63BF59AA64BF880F66BF66
:10246000D86B67BF3CBF68BFA7096ABF0C4B6BBF87
:102470005E836CBF93B26DBF9ED86EBF73F56FBFA6
:10248000080971BF521372BF471473BFDD0B74BFCD
:102490000BFA74BFC6DE75BF07BA76BFC58B77BFB0
:1024A000F85378BF981279BF9DC779BF02737ABF7E
:1024B000BE147BBFCDAC7BBF283B7CBFC9BF7CBFFC
:1024C000AC3A7DBFCCAB7DBF23137EBFB0707EBF67
:1024D0006DC47EBF580E7FBF6D4E7FBFAB847FBF84
:1024E0000FB17FBF97D37FBF43EC7FBF11FB7FBF8F
:1024F000000080BF11FB7FBF43EC7FBF97D37FBF3E
:102500000FB17FBFAB847FBF6D4E7FBF580E7FBFC3
:102510006DC47EBFB0707EBF23137EBFCCAB7DBFCA
:10252000AC3A7DBFC9BF7CBF283B7CBFCDAC7BBF75
:10253000BE147BBF02737ABF9DC779BF981279BF63
:10254000F85378BFC58B77BF07BA76BFC6DE75BFB5
:102550000BFA74BFDD0B74BF471473BF521372BF05
:10256000080971BF73F56FBF9ED86EBF93B26DBF80
:102570005E836CBF0C4B6BBFA7096ABF3CBF68BFD3
:10258000D86B67BF880F66BF59AA64BF5A3C63BF48
:1025900097C561BF214660BF05BE5EBF532D5DBFBD
:1025A0001A945BBF6AF259BF534858BFE59556BFAE
:1025B00031DB54BF491853BF3D4D51BF207A4FBF47
:1025C000029F4DBFF8BB4BBF12D149BF65DE47BF6D
:1025D00003E445BF01E243BF70D841BF67C73FBFB7
:1025E000F9AE3DBF3B8F3BBF426839BF233A37BF8F
:1025F000F30435BFC9C832BFBB8530BFDE3B2EBF39
:102600004AEB2BBF159429BF563627BF25D224BFCE
:10261000996722BFCBF61FBFD17F1DBFC6021BBF6C
:10262000C07F18BFD9F615BF2A6813BFCDD310BF1E
:10263000DA390EBF6B9A0BBF9BF508BF824B06BF02
:102640003D9C03BFE4E700BF275DFCBECBE0F6BEC8
:10265000EA5AF1BEBBCBEBBE7533E6BE4F92E0BE8D
:1026600080E8DABE4136D5BECA7BCFBE53B9C9BEFB
:1026700015EFC3BE491DBEBE2A44B8BEEF63B2BE4D
:10268000D47CACBE128FA6BEE59AA0BE86A09ABE30
:1026900032A094BE229A8EBE938E88BEC07D82BE2A
:1026A000CCCF78BE7F9A6CBE135C60BE011554BE61
:1026B000C2C547BECF6E3BBEA2102FBEB5AB22BE79
:1026C000834016BE87CF09BE73B2FABD2FBCE1BDF1
:1026D00036BDC8BD80B6AFBD04A996BD752B7BBD08
:1026E0002EFB48BD2BC316BDB10AC9BC920E49BC16
:1026F000000000804C45445461736B0052533438E1
:10270000355F5461736B00494D555F5461736B00C5
:102710004A756467655461736B0042656570546106
:10272000736B004572726F725461736B004D6F74FE
:102730006F725461736B00446574656374546173A4
:102740006B0064656661756C745461736B005375DE
:1027500070657243617000000000891112239B3282
:102760002446AD573665BF74488CC19D5AAFD3BE61
:102770006CCAE5DB7EE9F7F88110080193331A2271
:10278000A5562C47B7753E64C99C408DDBBF52AE41
:10279000EDDA64CBFFF976E802218B301002991351
:1027A0002667AF763444BD554AADC3BC588ED19F21
:1027B0006EEBE7FA7CC8F5D983310A209112180331
:1027C000A7772E66B5543C45CBBD42ACD99E508F01
:1027D000EFFB66EAFDD874C904428D5316619F7001
:1027E0002004A9153227BB364CCEC5DF5EEDD7FCE1
:1027F0006888E1997AABF3BA85520C4397711E60F1
:10280000A1142805B3373A26CDDE44CFDFFD56ECC0
:10281000E9986089FBBB72AA06638F7214409D51D0
:102820002225AB343006B9174EEFC7FE5CCCD5DDA0
:102830006AA9E3B8788AF19B87730E6295501C41B0
:10284000A3352A24B1163807CFFF46EEDDDC54CD80
:10285000EBB962A8F99A708B088481951AA793B690
:102860002CC2A5D33EE1B7F04008C919522BDB3A80
:10287000644EED5F766DFF7C899400859BB712A650
:10288000ADD224C3BFF136E0C1184809D33B5A2A60
:10289000E55E6C4FF77D7E6C0AA583B41886919730
:1028A0002EE3A7F23CC0B5D14229CB38500AD91B40
:1028B000666FEF7E744CFD5D8BB502A49996108710
:1028C000AFF326E2BDD034C1C3394A28D11A580B20
:1028D000E77F6E6EF55C7C4D0CC685D71EE597F4E0
:1028E0002880A1913AA3B3B2444ACD5B5669DF7800
:1028F000600CE91D722FFB3E8DD604C79FF516E4D0
:10290000A9902081BBB332A2C55A4C4BD7795E68DF
:10291000E11C680DF33F7A2E0EE787F61CC495D5AF
:102920002AA1A3B03882B193466BCF7A5448DD59BF
:10293000622DEB3C700EF91F8FF706E69DD414C58F
:10294000ABB122A0B9923083C77B4E6AD5585C499F
:10295000E33D6A2CF11E780F7D04017C000240AB40
:10296000034100055308065804070F0008108209A8
:1029700011000A15800B16000C18010DA029010882
:10298000000000246001000008030008E02901089D
:1029900060010024E8C20100640300080000000098
:1029A00001A0320142102C90D00304300BE7416BA0
:1029B0003A58A08B3AFFFF08081250C347CDCCCC41
:1029C0003D0409531C110B1AC8421C21252042400A
:1029D0001F1E72F97F3FAA014100000000000000A5
:04000005080002CD20
:00000001FF
